Estado,Organización A,Organización B,2022,2023,2024,2025,Relación
,Ántrax,Cártel de Santa Rosa de Lima,1,,,,Alianza
,Ántrax,Cártel Nueva Plaza,1,,,,Alianza
,Autodefensas de Chenalhó,El Machete,1,,,,Alianza
,Autodefensas de Quintana Roo,Cártel Jalisco Nueva Generación,1,,,,Alianza
,Autodefensas de San Cristóbal,Cártel de San Juan Chamula,1,,,,Alianza
,Autodefensas de Tepalcatepec,Cárteles Unidos,1,,,,Alianza
,Banda de Cajititlán,Banda de El Alvin,1,,,,Alianza
,Banda de Cajititlán,Banda de El Borras,1,,,,Alianza
,Banda de El América,Banda de El Talachas,1,,,,Alianza
,Banda de El Español,Cártel Jalisco Nueva Generación,1,,,,Alianza
Puebla,Banda de El Mamer,Cártel Jalisco Nueva Generación,,,,2,Alianza
Puebla,Banda de El Mamer,La Barredora,,,,2,Alianza
Tlaxcala,Banda de El Mamer,Cártel Jalisco Nueva Generación,,,,2,Alianza
Tlaxcala,Banda de El Mamer,La Barredora,,,,2,Alianza
,Banda de El Toñín,Cártel Jalisco Nueva Generación,1,,,,Alianza
Nuevo León,Banda de La Dueña,La Línea,,,,1,Alianza
Puebla,Banda de La Dueña,La Línea,,,,1,Alianza
San Luis Potosí,Banda de La Dueña,La Línea,,,,1,Alianza
Tamaulipas,Banda de La Dueña,La Línea,,,,1,Alianza
Veracruz,Banda de La Dueña,La Línea,,,,1,Alianza
,Banda de la Riviera Maya,Los Bonfiles,1,,,,Alianza
,Banda del Chore,La Barredora,1,,,,Alianza
,Banda del Chore,Los Cebús,1,,,,Alianza
,Banda del Cuervo,La Barredora,1,,,,Alianza
,Banda del Gordo Frank,Cártel del Noreste,1,,,,Alianza
,Banda del Gordo Frank,Cártel Jalisco Nueva Generación,1,,,,Alianza
Quintana Roo,Banda del Hindú,Cártel de Sinaloa,,2,,,Alianza
Campeche,Banda del Menona,Cártel de Sinaloa,,4,,,Alianza
,Banda del Poncho,Cártel Jalisco Nueva Generación,1,,,,Alianza
Baja California,Cabo 24,Fuerzas Especiales del Ranchero,,,,1,Alianza
Chiapas,Cártel Chiapas y Guatemala,El Maíz,,,,5,Alianza
Chiapas,Cártel Chiapas y Guatemala,Kaibiles,,,,2,Alianza
Chihuahua,Cártel de Caborca,Los Artistas Asesinos,,,,1,Alianza
Chihuahua,Cártel de Caborca,Los Jaguares,,,,1,Alianza
Chihuahua,Cártel de Caborca,Los Paredes,,,,1,Alianza
Chihuahua,Cártel de Caborca,Los Salazar,,,,1,Alianza
Guerrero,Cártel de Caborca,Cártel de Sinaloa (Los Zambada),,,,1,Alianza
México,Cártel de Caborca,Los Peluches,,5,8,,Alianza
Morelos,Cártel de Caborca,La Barredora,,,,1,Alianza
Puebla,Cártel de Caborca,La Barredora,,,,1,Alianza
Quintana Roo,Cártel de Cancún,Cártel de Sinaloa,,,,1,Alianza
Yucatán,Cártel de Cancún,Cártel de Sinaloa,,1,,,Alianza
,Cártel de Ensenada,Cártel de Sinaloa (Los Guzmán),1,,,,Alianza
,Cártel de Ensenada,Los Ninis,1,,,,Alianza
,Cártel de Juchitán,Cártel de Oaxaca,1,,,,Alianza
,Cártel de Juchitán,Sindicato Libertad,1,,,,Alianza
Oaxaca,Cártel de Juchitán,Cártel Jalisco Nueva Generación,,,,1,Alianza
,Cártel de la Costa,Cártel de Caborca,1,,,,Alianza
Michoacán,Cártel de la Virgen,Cártel Jalisco Nueva Generación,,,3,1,Alianza
Michoacán,Cártel de la Virgen,Los Blancos de Troya,,,3,1,Alianza
Michoacán,Cártel de la Virgen,Los Viagra,,,3,1,Alianza
Nuevo León,Cártel de Los Alemanes,Los Metros,,1,,,Alianza
San Luis Potosí,Cártel de los Alemanes,Cártel del Golfo,,,,3,Alianza
Baja California,Cártel de Los Arellano Félix,El Chan,,,,1,Alianza
Baja California,Cártel de Los Arellano Félix,EL Kieto,,,,1,Alianza
Baja California Sur,Cártel de Los Arellano Félix,El Chan,,,,2,Alianza
Baja California Sur,Cártel de Los Arellano Félix,EL Kieto,,,,2,Alianza
Chihuahua,Cártel de Los Arellano Félix,El Chan,,,,4,Alianza
Chihuahua,Cártel de Los Arellano Félix,EL Kieto,,,,4,Alianza
Colima,Cártel de Los Arellano Félix,El Chan,,,,3,Alianza
Colima,Cártel de Los Arellano Félix,EL Kieto,,,,3,Alianza
Guanajuato,Cártel de Los Arellano Félix,Cártel Jalisco Nueva Generación,,,1,,Alianza
Michoacán,Cártel de Los Arellano Félix,El Chan,,,,1,Alianza
Michoacán,Cártel de Los Arellano Félix,EL Kieto,,,,1,Alianza
Nayarit,Cártel de Los Arellano Félix,El Chan,,,,3,Alianza
Nayarit,Cártel de Los Arellano Félix,EL Kieto,,,,3,Alianza
Puebla,Cártel de Los Arellano Félix,El Chan,,,,1,Alianza
Puebla,Cártel de Los Arellano Félix,EL Kieto,,,,1,Alianza
Sinaloa,Cártel de Los Arellano Félix,El Chan,,,,4,Alianza
Sinaloa,Cártel de Los Arellano Félix,EL Kieto,,,,4,Alianza
Sonora,Cártel de Los Arellano Félix,El Chan,,,,4,Alianza
Sonora,Cártel de Los Arellano Félix,EL Kieto,,,,4,Alianza
,Cártel de los Ministeriales,Cártel Jalisco Nueva Generación,1,,,,Alianza
Michoacán,Cártel de Los Reyes,Cártel de Tepalcatepec,,,1,8,Alianza
Michoacán,Cártel de Los Reyes,Cárteles Unidos,,,,4,Alianza
,Cártel de Oaxaca,Cártel de Juchitán,1,,,,Alianza
,Cártel de Oaxaca,Sindicato Libertad,1,,,,Alianza
Puebla,Cártel de Puebla,Gente Nueva del Sur,,,,1,Alianza
Guanajuato,Cártel de Santa Rosa de Lima,Cártel de Sinaloa,,,,4,Alianza
Guanajuato,Cártel de Santa Rosa de Lima,Cártel de Sinaloa (Los Zambada),,,,1,Alianza
Guanajuato,Cártel de Santa Rosa de Lima,Cártel del Golfo,,,,4,Alianza
Guanajuato,Cártel de Santa Rosa de Lima,Cárteles Unidos,,,1,,Alianza
Guanajuato,Cártel de Santa Rosa de Lima,La Unión Tepito,,,,1,Alianza
Guanajuato,Cártel de Santa Rosa de Lima,Los Escorpiones,,,,11,Alianza
Michoacán,Cártel de Santa Rosa de Lima,Cárteles Unidos,,2,,,Alianza
Querétaro,Cártel de Santa Rosa de Lima,Cártel de Sinaloa (Los Zambada),,,,1,Alianza
Querétaro,Cártel de Santa Rosa de Lima,Los Escorpiones,,,,2,Alianza
Yucatán,Cártel de Santa Rosa de Lima,Los Escorpiones,,,,1,Alianza
Chihuahua,Cártel de Sinaloa,Los Reyes,,2,,,Alianza
Durango,Cártel de Sinaloa,Los Cabrera,,,38,,Alianza
Guanajuato,Cártel de Sinaloa,Cártel de Santa Rosa de Lima,,,3,,Alianza
Guerrero,Cártel de Sinaloa,Cártel Independiente de Acapulco,,,1,,Alianza
Guerrero,Cártel de Sinaloa,Cártel Jalisco Nueva Generación,,,1,,Alianza
Baja California Sur,Cártel de Sinaloa (Los Guzmán),La Empresa,,,,1,Alianza
Chihuahua,Cártel de Sinaloa (Los Guzmán),Gente Nueva del Jaguar,,,,1,Alianza
Chihuahua,Cártel de Sinaloa (Los Guzmán),Los Cazadores,,,,1,Alianza
Chihuahua,Cártel de Sinaloa (Los Guzmán),Los Gigios,,,,1,Alianza
Chihuahua,Cártel de Sinaloa (Los Guzmán),Los Mexicles,,,,1,Alianza
Chihuahua,Cártel de Sinaloa (Los Guzmán),Los Paredes,,,,1,Alianza
Chihuahua,Cártel de Sinaloa (Los Guzmán),Los Salgueiro,,,,1,Alianza
Durango,Cártel de Sinaloa (Los Guzmán),Cártel Independiente de La Laguna,,,,1,Alianza
Guerrero,Cártel de Sinaloa (Los Guzmán),La Barredora,,,,1,Alianza
Jalisco,Cártel de Sinaloa (Los Guzmán),Cártel Jalisco Nueva Generación,,,,1,Alianza
Quintana Roo,Cártel de Sinaloa (Los Guzmán),El 15,,,,1,Alianza
Sinaloa,Cártel de Sinaloa (Los Guzmán),Cártel Jalisco Nueva Generación,,,,2,Alianza
Sinaloa,Cártel de Sinaloa (Los Guzmán),Los Tamales,,,,1,Alianza
Sonora,Cártel de Sinaloa (Los Guzmán),Los Deltas (Los Guzmán),,,,1,Alianza
Sonora,Cártel de Sinaloa (Los Guzmán),Los Memos (Cártel de Sinaloa),,,,1,Alianza
Sonora,Cártel de Sinaloa (Los Guzmán),Los Pelones,,,,2,Alianza
Sonora,Cártel de Sinaloa (Los Guzmán),Mata Salas,,,,1,Alianza
Veracruz,Cártel de Sinaloa (Los Guzmán),Los Chivos,,,,1,Alianza
Yucatán,Cártel de Sinaloa (Los Guzmán),Banda del Chore,,,,1,Alianza
Baja California,Cártel de Sinaloa (Los Zambada),Los Arzate,,1,,,Alianza
Baja California Sur,Cártel de Sinaloa (Los Zambada),Los Aldos,,,,1,Alianza
Chihuahua,Cártel de Sinaloa (Los Zambada),Gente Nueva del Tigre,,,,1,Alianza
Chihuahua,Cártel de Sinaloa (Los Zambada),Los Cabrera,,,,4,Alianza
Coahuila,Cártel de Sinaloa (Los Zambada),Cártel del Noreste,,,,1,Alianza
Durango,Cártel de Sinaloa (Los Zambada),Los Cabrera,,,,1,Alianza
Guanajuato,Cártel de Sinaloa (Los Zambada),Cártel de Santa Rosa de Lima,,,,1,Alianza
Guerrero,Cártel de Sinaloa (Los Zambada),Cárteles Unidos,,,,1,Alianza
Guerrero,Cártel de Sinaloa (Los Zambada),Los Mazatlecos,,,,1,Alianza
Michoacán,Cártel de Sinaloa (Los Zambada),Cárteles Unidos,,,,1,Alianza
Nuevo León,Cártel de Sinaloa (Los Zambada),Cártel del Noreste,,,,1,Alianza
Querétaro,Cártel de Sinaloa (Los Zambada),Cártel de Santa Rosa de Lima,,,,1,Alianza
San Luis Potosí,Cártel de Sinaloa (Los Zambada),Cártel del Noreste,,,,1,Alianza
Sinaloa,Cártel de Sinaloa (Los Zambada),Los Cabrera,,,,5,Alianza
Sinaloa,Cártel de Sinaloa (Los Zambada),Los Demonios,,,,1,Alianza
Sinaloa,Cártel de Sinaloa (Los Zambada),Los Mazatlecos,,,,5,Alianza
Sonora,Cártel de Sinaloa (Los Zambada),Los Mazatlecos,,,,1,Alianza
Tamaulipas,Cártel de Sinaloa (Los Zambada),Cártel del Noreste,,,,1,Alianza
Michoacán,Cártel de Tepalcatepec,Cártel de la Virgen,,,3,,Alianza
Michoacán,Cártel de Tepalcatepec,Cártel de Los Reyes,,,,5,Alianza
Michoacán,Cártel de Tepalcatepec,Los Blancos de Troya,,,4,,Alianza
Baja California,Cártel de Tijuana Nueva Generación,Cártel Jalisco Nueva Generación,,1,,,Alianza
México,Cártel de Tláhuac,Cártel Jalisco Nueva Generación,,4,,,Alianza
,Cártel de Zicuirán,Cárteles Unidos,1,,,,Alianza
,Cártel del Camaleón,Cárteles Unidos,1,,,,Alianza
Baja California,Cártel del Golfo,Cártel Jalisco Nueva Generación,,,,1,Alianza
Baja California,Cártel del Golfo,Los Primos,,,,1,Alianza
Nuevo León,Cártel del Golfo,Los Primos,,,,1,Alianza
San Luis Potosí,Cártel del Golfo,Cártel de los Alemanes,,,,3,Alianza
San Luis Potosí,Cártel del Golfo,Los Primos,,,,1,Alianza
Tamaulipas,Cártel del Golfo,Los Primos,,,,2,Alianza
Tamaulipas,Cártel del Golfo Nueva Era,Los Metros,,,,1,Alianza
Baja California,Cártel del Mar,Cártel de Sinaloa (Los Guzmán),,,,2,Alianza
Chihuahua,Cártel del Noreste,Cártel de Sinaloa (Los Zambada),,,,1,Alianza
Coahuila,Cártel del Noreste,Cártel de Sinaloa (Los Zambada),,,,1,Alianza
Hidalgo,Cártel del Noreste,Cártel de Sinaloa (Los Zambada),,,,1,Alianza
Nuevo León,Cártel del Noreste,Cártel de Sinaloa (Los Zambada),,,,1,Alianza
San Luis Potosí,Cártel del Noreste,Cártel de Sinaloa (Los Zambada),,,,1,Alianza
Tamaulipas,Cártel del Noreste,Cártel de Sinaloa (Los Zambada),,,,1,Alianza
Distrito Federal,Cártel del Nuevo Imperio,La Unión Tepito,,,,1,Alianza
,Cártel del Poniente,Cártel de Sinaloa,1,,,,Alianza
,Cártel del Poniente,Cártel Jalisco Nueva Generación,1,,,,Alianza
Guerrero,Cártel del Sur,Guerreros Unidos,,,,2,Alianza
Guerrero,Cártel del Sur,Los Rojos,,,,1,Alianza
Guerrero,Cártel del Sur,Los Tlacos,,,,3,Alianza
Querétaro,Cártel Gente Nueva Salazar,Los Escorpiones,,,,1,Alianza
Baja California,Cártel Jalisco Nueva Generación,Cártel de Sinaloa (Los Guzmán),,,,1,Alianza
Baja California,Cártel Jalisco Nueva Generación,Los Primos,,,,1,Alianza
Distrito Federal,Cártel Jalisco Nueva Generación,Fuerza Anti-Unión Tepito,,,2,,Alianza
Distrito Federal,Cártel Jalisco Nueva Generación,Los Canchola,,,,1,Alianza
Guerrero,Cártel Jalisco Nueva Generación,Cártel de Sinaloa,,,1,,Alianza
Guerrero,Cártel Jalisco Nueva Generación,Cártel Independiente de Acapulco,,,1,,Alianza
Guerrero,Cártel Jalisco Nueva Generación,Flor Imperial,,,1,,Alianza
Guerrero,Cártel Jalisco Nueva Generación,La Tecampanera,,,1,,Alianza
Jalisco,Cártel Jalisco Nueva Generación,Cártel de Sinaloa (Los Guzmán),,,,1,Alianza
Michoacán,Cártel Jalisco Nueva Generación,Cártel de la Virgen,,,3,1,Alianza
Michoacán,Cártel Jalisco Nueva Generación,Los Blancos de Troya,,,3,2,Alianza
Michoacán,Cártel Jalisco Nueva Generación,Los Viagra,,,9,4,Alianza
Nayarit,Cártel Jalisco Nueva Generación,Hermanos Bonques,,,1,,Alianza
Nayarit,Cártel Jalisco Nueva Generación,Cártel de Sinaloa (Los Guzmán),,,1,,Alianza
Nuevo León,Cártel Jalisco Nueva Generación,Los Primos,,,,1,Alianza
Puebla,Cártel Jalisco Nueva Generación,Operativa La Barredora del CJNG,,,,11,Alianza
San Luis Potosí,Cártel Jalisco Nueva Generación,Cártel de Santa Rosa de Lima,,,,1,Alianza
San Luis Potosí,Cártel Jalisco Nueva Generación,Los Escorpiones,,,,1,Alianza
San Luis Potosí,Cártel Jalisco Nueva Generación,Los Primos,,,,1,Alianza
Sinaloa,Cártel Jalisco Nueva Generación,Cártel de Sinaloa (Los Guzmán),,,,3,Alianza
Tamaulipas,Cártel Jalisco Nueva Generación,Los Metros,,1,,1,Alianza
Tamaulipas,Cártel Jalisco Nueva Generación,Los Primos,,,,2,Alianza
Yucatán,Cártel Jalisco Nueva Generación,La Barredora,,,,6,Alianza
Chihuahua,Cártel López,La Línea,,,,1,Alianza
Jalisco,Cártel Michoacán Nueva Generación,Los Viagra,,,,1,Alianza
Michoacán,Cártel Michoacán Nueva Generación,Cártel Jalisco Nueva Generación,,,9,6,Alianza
Michoacán,Cártel Michoacán Nueva Generación,Los Blancos de Troya,,,,3,Alianza
Michoacán,Cártel Michoacán Nueva Generación,Los Viagra,,,9,20,Alianza
Nayarit,Cártel Michoacán Nueva Generación,Los Viagra,,,,1,Alianza
Oaxaca,Cártel San Luis Rey,Banda del Comandante Cromo,,,,2,Alianza
Tabasco,Cártel Tabasco Nueva Generación,La Barredora,,,4,1,Alianza
Aguascalientes,Cárteles Unidos,El 30,,,,3,Alianza
Aguascalientes,Cárteles Unidos,Fuerzas Especiales del Charro,,,,3,Alianza
Guanajuato,Cárteles Unidos,Cártel de Santa Rosa de Lima,,,1,,Alianza
Guerrero,Cárteles Unidos,Cártel de Sinaloa (Los Zambada),,,,1,Alianza
México,Cárteles Unidos,La Nueva Familia Michoacana,,,,1,Alianza
Michoacán,Cárteles Unidos,Los Blancos de Troya,,,3,,Alianza
Michoacán,Cárteles Unidos,Cártel de Sinaloa (Los Zambada),,,,1,Alianza
Michoacán,Cárteles Unidos,Cártel de Tepalcatepec,,,2,,Alianza
Michoacán,Cárteles Unidos,La Nueva Familia Michoacana,,,,1,Alianza
Quintana Roo,Chapitos-CJNG,Cártel de Sinaloa (Los Guzmán),,,,6,Alianza
Quintana Roo,Chapitos-CJNG,Cártel Jalisco Nueva Generación,,,,6,Alianza
Guerrero,CJNG-CIDA,Cártel Independiente de Acapulco,,,,3,Alianza
Guerrero,CJNG-CIDA,Cártel Jalisco Nueva Generación,,,,3,Alianza
Guerrero,CJNG-CIDA,Flor Imperial,,,,3,Alianza
,Clan Zheng,Cártel de Sinaloa,1,,,,Alianza
,Clan Zheng,Cártel Jalisco Nueva Generación,1,,,,Alianza
,CNR,Cártel del Pelón de Playas,1,,,,Alianza
,Colombianos,Cártel de Santa Rosa de Lima,1,,,,Alianza
,Colombianos,Cártel Nueva Plaza,1,,,,Alianza
,Comando XXIII,Cártel Jalisco Nueva Generación,1,,,,Alianza
Durango,Confederación Autónoma de Trabajadores y Empleados de México (CATEM),Los Cabrera,,,,1,Alianza
Distrito Federal,Don Agus,Los Rojos,,,4,,Alianza
Aguascalientes,El 30,Cárteles Unidos,,,,3,Alianza
Aguascalientes,El 30,Fuerzas Especiales del Charro,,,,3,Alianza
Aguascalientes,El Cártel del Primo,Cártel de Sinaloa,,,,1,Alianza
Aguascalientes,El Cártel del Primo,Cártel Jalisco Nueva Generación,,,,1,Alianza
,El Machete,Autodefensas de Chenalhó,1,,,,Alianza
,El Machete,Gente de la Selva,1,,,,Alianza
Chiapas,El Machete,Cártel Jalisco Nueva Generación,,,,1,Alianza
Chiapas,El Maíz,Cártel Jalisco Nueva Generación,,14,,,Alianza
Chihuahua,El Tren de Aragua,La Empresa,,,2,,Alianza
Chihuahua,El Tren de Aragua,La Línea,,,1,,Alianza
Distrito Federal,El Tren de Aragua,La Unión León,,,,1,Alianza
Quintana Roo,El Tren de Aragua,Cártel de Sinaloa,,,,1,Alianza
,Esquema Gan,Cártel de Sinaloa,1,,,,Alianza
,Esquema Gan,Cártel Jalisco Nueva Generación,1,,,,Alianza
,Familia Gandarilla,La Línea,1,,,,Alianza
,Familia Meza Osorio,Los Paredes,1,,,,Alianza
,Familia Núñez Meza,Los Salgueiro,1,,,,Alianza
,Federación Guerrerense,Los Ardillos,1,,,,Alianza
,Federación Guerrerense,Los Tlacos,1,,,,Alianza
Morelos,Federación Morelense,Cártel Jalisco Nueva Generación,,,,1,Alianza
Morelos,Federación Morelense,Trébol,,,,1,Alianza
Guerrero,Flor Imperial,Cártel Independiente de Acapulco,,,,3,Alianza
Distrito Federal,Fuerza Anti-Unión Tepito,Cártel Jalisco Nueva Generación,,,14,,Alianza
Guerrero,Fuerza Guerrerense,La Nueva Familia Michoacana,,,1,,Alianza
,Fuerza Rural Comunitaria de Pueblos del Norte de Culiacán,Los Rusos,1,,,,Alianza
Sinaloa,Fuerzas Especiales Avendaño,Cártel de Sinaloa (Los Guzmán),,,1,,Alianza
Aguascalientes,Fuerzas Especiales del Charro,Cárteles Unidos,,,,3,Alianza
Aguascalientes,Fuerzas Especiales del Charro,El 30,,,,3,Alianza
Baja California,Fuerzas Especiales del Ranchero,Cabo 24,,,,1,Alianza
,Fuerzas Especiales Grupo Sombra,Cártel de Santa Rosa de Lima,1,,,,Alianza
,Fuerzas Especiales Grupo Sombra,Cártel de Sinaloa,1,,,,Alianza
Veracruz,Fuerzas Especiales Grupo Sombra,Cártel del Golfo,,,,5,Alianza
,Fuerzas Especiales Mexicles,Nuevo Cártel de Juárez,1,,,,Alianza
Durango,Fuerzas Especiales Unión,Cártel Jalisco Nueva Generación,,,1,,Alianza
Durango,Fuerzas Especiales Unión,Cártel de Sinaloa (Los Guzmán),,,1,,Alianza
Jalisco,Fuerzas Especiales Unión,Cártel Jalisco Nueva Generación,,,1,,Alianza
Jalisco,Fuerzas Especiales Unión,Cártel de Sinaloa (Los Guzmán),,,1,,Alianza
Sinaloa,Fuerzas Especiales Unión,Cártel de Sinaloa (Los Guzmán),,,,14,Alianza
Sinaloa,Fuerzas Especiales Unión,Cártel Jalisco Nueva Generación,,,,14,Alianza
,Gente de la Selva,El Machete,1,,,,Alianza
,Gente Nueva,La Barredora,1,,,,Alianza
,Gente Nueva,Los Cahuira,1,,,,Alianza
Durango,Gente Nueva,Los Cabrera,,,,5,Alianza
Morelos,Gente Nueva,Cártel del Noreste,,1,,,Alianza
,Gente Nueva del Jaguar,Cártel de Sinaloa (Los Zambada),1,,,,Alianza
Aguascalientes,Gpo. Flechas Operativa M.Z.,Cártel de Sinaloa,,2,,,Alianza
Tamaulipas,Grupo Pantera,Los Zetas Vieja Escuela,,,,1,Alianza
Michoacán,Grupo Reacción,Cártel Jalisco Nueva Generación,,,,1,Alianza
,Grupo X-CJNG,Cártel Jalisco Nueva Generación,1,,,,Alianza
,Guardia Guerrerense,Cártel Jalisco Nueva Generación,1,,,,Alianza
,Guardia Michoacana,La Nueva Familia Michoacana,1,,,,Alianza
Guerrero,Guerrero Nueva Generación,Cártel Jalisco Nueva Generación,,,6,,Alianza
Guerrero,Guerrero Nueva Generación,La Nueva Familia Michoacana,,,5,,Alianza
Guerrero,Guerrero Nueva Generación,Los Rodríguez,,,5,,Alianza
Guerrero,Guerreros Unidos,Cártel del Sur,,,,2,Alianza
Guerrero,Guerreros Unidos,Los Tlacos,,,,2,Alianza
Morelos,Guerreros Unidos,Cártel Jalisco Nueva Generación,,4,,,Alianza
Quintana Roo,Hells Angels Motorcycle Club,Cártel de Sinaloa (Los Guzmán),,,1,,Alianza
Chiapas,Kaibiles,Cártel Chiapas y Guatemala,,,,1,Alianza
,La Bandera,Cártel de Sinaloa,1,,,,Alianza
,La Barredora,Banda del Chore,1,,,,Alianza
,La Barredora,Los Cebús,1,,,,Alianza
Oaxaca,La Barredora,Cártel Jalisco Nueva Generación,,,,1,Alianza
Baja California,La Bhardwaj,Cártel de Sinaloa,,,,1,Alianza
Chiapas,La Bhardwaj,Cártel de Sinaloa,,,,1,Alianza
Distrito Federal,La Bhardwaj,Cártel de Sinaloa,,,,1,Alianza
Quintana Roo,La Bhardwaj,Cártel de Sinaloa,,,,1,Alianza
México,La Chokiza,Cártel Jalisco Nueva Generación,,,,1,Alianza
México,La Chokiza,La Nueva Familia Michoacana,,,,1,Alianza
México,La Chokiza,Unión de Sindicatos y Organizaciones Nacionales,,,,2,Alianza
Chihuahua,La Empresa,El Tren de Aragua,,,1,,Alianza
Morelos,La Empresa,Cártel de Sinaloa,,,,1,Alianza
Baja California,La Gente de Aquiles,Cártel de Sinaloa (Los Zambada),,,,5,Alianza
,La Letra,Gente Nueva,1,,,,Alianza
Chihuahua,La Línea,Cártel Jalisco Nueva Generación,,,1,,Alianza
Chihuahua,La Línea,Cártel López,,,,1,Alianza
México,La Línea,Cártel de Tijuana Nueva Generación,,1,,,Alianza
México,La Línea,Cártel Jalisco Nueva Generación ,,1,,,Alianza
Chiapas,La Luz del Mundo,Cártel Jalisco Nueva Generación,,,,1,Alianza
Aguascalientes,La Mafia Filipina,Cártel Jalisco Nueva Generación,,1,,,Alianza
Distrito Federal,La Mafia Filipina,Cártel Jalisco Nueva Generación,,1,,,Alianza
Nayarit,La Mafia Filipina,Cártel Jalisco Nueva Generación,,1,,,Alianza
,La Mafia Mexicana,Cártel de Sinaloa,1,,,,Alianza
Distrito Federal,La Nueva Alianza,Cártel Jalisco Nueva Generación,,,,1,Alianza
México,La Nueva Alianza,Cártel Jalisco Nueva Generación,,5,10,,Alianza
México,La Nueva Alianza,La Unión Tepito,,5,10,,Alianza
,La Nueva Empresa,Los Arreola,1,,,,Alianza
,La Nueva Empresa,Los de Siempre,1,,,,Alianza
,La Nueva Empresa,Los Maldonado,1,,,,Alianza
Guerrero,La Nueva Familia Michoacana,Fuerza Guerrerense,,,1,,Alianza
México,La Nueva Familia Michoacana,Cártel de Santa Rosa de Lima,,34,,,Alianza
México,La Nueva Familia Michoacana,Cártel de Sinaloa,,34,,,Alianza
México,La Nueva Familia Michoacana,La Guardia Michoacana,,34,,,Alianza
México,La Nueva Familia Michoacana,Los Viagra,,34,,,Alianza
Michoacán,La Nueva Familia Michoacana,Cártel de Santa Rosa de Lima,,2,,,Alianza
Michoacán,La Nueva Familia Michoacana,Cártel de Sinaloa,,2,,,Alianza
Michoacán,La Nueva Familia Michoacana,La Guardia Michoacana,,2,,,Alianza
Michoacán,La Nueva Familia Michoacana,Los Viagra,,2,,,Alianza
Morelos,La Nueva Familia Michoacana,Cártel de Santa Rosa de Lima,,2,,,Alianza
Morelos,La Nueva Familia Michoacana,Cártel de Sinaloa,,2,,,Alianza
Morelos,La Nueva Familia Michoacana,La Guardia Michoacana,,2,,,Alianza
Morelos,La Nueva Familia Michoacana,Los Viagra,,2,,,Alianza
Aguascalientes,La Oficina,Cártel Jalisco Nueva Generación,,1,,,Alianza
Baja California Sur,La Oficina,Cártel de los Beltrán Leyva,,,,1,Alianza
Baja California Sur,La Oficina,Cártel del Golfo,,,,1,Alianza
Baja California Sur,La Oficina,La Nueva Familia Michoacana,,,,1,Alianza
Baja California Sur,La Oficina,Los Zetas Vieja Escuela,,,,1,Alianza
,La Reserva del Más Loco,Cártel de Tepalcatepec,1,,,,Alianza
,La Reserva del Más Loco,Cárteles Unidos,1,,,,Alianza
,La Reserva del Más Loco,Guardia Michoacana,1,,,,Alianza
,La Reserva del Más Loco,Los Tena,1,,,,Alianza
,La Sombra,La Nueva Empresa,1,,,,Alianza
Guerrero,La Tecampanera,Cártel Jalisco Nueva Generación,,,3,,Alianza
Guanajuato,La Unión León,Los Leches,,1,,,Alianza
Oaxaca,La Unión Oaxaca,Cártel Jalisco Nueva Generación,,1,,,Alianza
,Las Cabras,Cártel de Santa Rosa de Lima,1,,,,Alianza
,Las Cabras,Cártel Nueva Plaza,1,,,,Alianza
,Las Leches,Cártel de Santa Rosa de Lima,1,,,,Alianza
,Las Leches,Cártel Nueva Plaza,1,,,,Alianza
,Los Acapulco,Cártel Jalisco Nueva Generación,1,,,,Alianza
,Los Acme,Cártel Jalisco Nueva Generación,1,,,,Alianza
Sonora,Los Alfa,Cártel de Sinaloa (Los Guzmán),,,,4,Alianza
,Los Álvarez,Cártel de Santa Rosa de Lima,1,,,,Alianza
,Los Álvarez,Cártel Nueva Plaza,1,,,,Alianza
Guerrero,Los Ardillos,Cártel de los Beltrán Leyva,,,5,,Alianza
Chihuahua,Los Arellanes,La Línea,,,,1,Alianza
,Los Arizmendi,Los Rusos (de Guerrero),1,,,,Alianza
,Los Arreola,La Nueva Familia Michoacana,1,,,,Alianza
Chihuahua,Los Artistas Asesinos,Los Cabrera,,,,2,Alianza
Baja California,Los Arzate,Cártel de Los Arellano Félix,,1,,,Alianza
Baja California,Los Arzate,Cártel de Sinaloa (Los Zambada),,,,1,Alianza
Baja California,Los Arzate,Los Rusos,,1,,5,Alianza
Jalisco,Los Arzate,Los Rusos,,,,1,Alianza
Chiapas,Los Autónomos,Cártel Jalisco Nueva Generación,,,,1,Alianza
Distrito Federal,Los Balta,Fuerza Anti-Unión Tepito,,,,2,Alianza
,Los Blancos de Troya,Cártel de Sinaloa,1,,,,Alianza
,Los Blancos de Troya,Cárteles Unidos,1,,,,Alianza
Michoacán,Los Blancos de Troya,Cártel de la Virgen,,,3,1,Alianza
Michoacán,Los Blancos de Troya,Cártel Jalisco Nueva Generación,,,3,5,Alianza
Michoacán,Los Blancos de Troya,Los Viagra,,,4,5,Alianza
,Los Bonfiles,Banda de la Riviera Maya,1,,,,Alianza
,Los Bonfiles,Cártel de Sinaloa (Los Zambada),1,,,,Alianza
,Los Búfalos,Cártel de Santa Rosa de Lima,1,,,,Alianza
,Los Búfalos,Cártel Nueva Plaza,1,,,,Alianza
Michoacán,Los Caballeros Templarios,Cártel de la Virgen,,,3,1,Alianza
Chihuahua,Los Cabrera,Los Artistas Asesinos,,,,2,Alianza
Durango,Los CabreraMZ,Los Cabrera,,,,1,Alianza
Oaxaca,Los CabreraMZ,Los Cabrera,,,,1,Alianza
Sinaloa,Los CabreraMZ,Los Cabrera,,,,1,Alianza
,Los Cahuira,Gente Nueva,1,,,,Alianza
Durango,Los Caimanes,Los Cabrera,,,,1,Alianza
Puebla,Los Caltencos,Los Tepeacas,,,,5,Alianza
Distrito Federal,Los Canchola,Cártel Jalisco Nueva Generación,,,,5,Alianza
Distrito Federal,Los Canchola,La Unión Tepito,,3,3,1,Alianza
,Los Cardenales,Los Nuevos Aztecas,1,,,,Alianza
Chihuahua,Los Carnales,Los Nuevos Aztecas,,1,,,Alianza
,Los Cazadores,Gente Nueva,1,,,,Alianza
,Los Cazadores,Los Costeños,1,,,,Alianza
Sonora,Los Cazadores,Cártel de Sinaloa (Los Guzmán),,,4,4,Alianza
Sonora,Los Cazadores,Cártel de Sinaloa (Los Zambada),,,1,4,Alianza
,Los Cázares,Cártel de Sinaloa (Los Guzmán),1,,,,Alianza
,Los Cázares,Cártel de Sinaloa (Los Zambada),1,,,,Alianza
,Los Cebús,Banda del Chore,1,,,,Alianza
,Los Cebús,Banda del Cuervo,1,,,,Alianza
,Los Cebús,La Barredora,1,,,,Alianza
,Los Cebús,Los Compich,1,,,,Alianza
,Los Chilas,La Unión Tepito,1,,,,Alianza
,Los Cholos,Cártel del Nuevo Imperio,1,,,,Alianza
Chihuahua,Los Cholos,Nuevo Cártel de Juárez,,1,,,Alianza
,Los Chontuyos,Banda del Gato,1,,,,Alianza
Chiapas,Los Ciriles,Cártel Jalisco Nueva Generación,,1,,,Alianza
Morelos,Los Colombianos,Cártel de Sinaloa,,1,,,Alianza
Morelos,Los Colombianos,Guerreros Unidos,,1,,,Alianza
,Los Compich,Los Cebús,1,,,,Alianza
,Los Correa,La Nueva Empresa,1,,,,Alianza
,Los Costeños,Gente Nueva,1,,,,Alianza
,Los Costeños,Los Cazadores,1,,,,Alianza
,Los Cuates,Cártel de Sinaloa (Los Zambada),1,,,,Alianza
,Los Cuates,Los Rusos,1,,,,Alianza
,Los Cuinis,Cártel Jalisco Nueva Generación,1,,,,Alianza
,Los de Siempre,La Nueva Empresa,1,,,,Alianza
Michoacán,Los Deltas,Los Viagra,,,1,,Alianza
Sonora,Los Deltas,Los Pelones,,,1,,Alianza
Durango,Los Deltas (Los Guzmán),Los Cazadores,,,,1,Alianza
Sonora,Los Deltas (Los Guzmán),Los Cazadores,,,,1,Alianza
Sonora,Los Deltas (Los Guzmán),Los Pelones,,,,1,Alianza
,Los Demonios,Los Nieblas Ramírez,1,,,,Alianza
México,Los Discos,La Unión Tepito,,1,,,Alianza
,Los Durango,Cártel Jalisco Nueva Generación,1,,,,Alianza
,Los Erres,Cártel de Sinaloa,1,,,,Alianza
Baja California,Los Erres,Cártel Jalisco Nueva Generación,,1,,,Alianza
Guanajuato,Los Escorpiones,Cártel de Santa Rosa de Lima,,1,1,12,Alianza
Querétaro,Los Escorpiones,Cártel de Santa Rosa de Lima,,,,5,Alianza
Querétaro,Los Escorpiones,Cártel Gente Nueva Salazar,,,,1,Alianza
San Luis Potosí,Los Escorpiones,Cártel de Santa Rosa de Lima,,,,1,Alianza
Tamaulipas,Los Escorpiones,Cártel Jalisco Nueva Generación,,,,1,Alianza
Yucatán,Los Escorpiones,Cártel de Santa Rosa de Lima,,,,1,Alianza
,Los Escudero,Cártel de Sinaloa,1,,,,Alianza
,Los Escudero,La Barredora,1,,,,Alianza
,Los Escudero,Los Ninis,1,,,,Alianza
,Los Fabiola,Cártel Jalisco Nueva Generación,1,,,,Alianza
Sonora,Los Fantasmas,Cártel de Sinaloa (Los Guzmán),,,,4,Alianza
Coahuila,Los Filippini,Cártel Jalisco Nueva Generación,,1,,,Alianza
,Los Franquis,Cártel del Nuevo Imperio,1,,,,Alianza
Campeche,Los Gálvez,Cártel del Golfo,,1,,,Alianza
Campeche,Los Gálvez,Cártel Jalisco Nueva Generación,,1,,,Alianza
,Los Garibay,Los Salazar,1,,,,Alianza
Baja California,Los Garibay,Cártel de Sinaloa,,7,,,Alianza
México,Los Gastones,Cártel de Tláhuac,,2,,1,Alianza
Guerrero,Los Granados,Cártel Jalisco Nueva Generación,,,,2,Alianza
,Los Guapos,Cártel del Nuevo Imperio,1,,,,Alianza
,Los Güeros,Los Rodolfos,1,,,,Alianza
Guerrero,Los Hermanos Sánchez,Cártel de Caborca,,,1,,Alianza
Guerrero,Los Hermanos Sánchez,La Nueva Familia Michoacana,,,1,,Alianza
México,Los Hermanos Sánchez,Cártel de Caborca,,1,1,,Alianza
México,Los Hermanos Sánchez,La Nueva Familia Michoacana,,1,1,,Alianza
Veracruz,Los Hermanos Sánchez,Cártel de Caborca,,,1,,Alianza
Veracruz,Los Hermanos Sánchez,La Nueva Familia Michoacana,,,1,,Alianza
Baja California,Los Hernández Salas,Cártel de Sinaloa,,2,,,Alianza
Chiapas,Los Herrera,Cártel Jalisco Nueva Generación,,,,1,Alianza
,Los Huevos,Cártel del Nuevo Imperio,1,,,,Alianza
Distrito Federal,Los Istolinques,Cártel de los Beltrán Leyva,,,,1,Alianza
Distrito Federal,Los Istolinques,La Unión Tepito,,,,1,Alianza
,Los Jaguares,Cártel de Sinaloa,1,,,,Alianza
,Los Jaguares,Gente Nueva,1,,,,Alianza
,Los Jaguares,Los Salazar,1,,,,Alianza
,Los Leal,Cártel de Sinaloa,1,,,,Alianza
,Los Linos,Los Rojos,1,,,,Alianza
Morelos,Los Linos,La Unión Tepito,,,,4,Alianza
Morelos,Los Linos,Los de Siempre,,,,1,Alianza
,Los Maldonado,La Nueva Empresa,1,,,,Alianza
Distrito Federal,Los Malportados,Cártel del Nuevo Imperio,,,,6,Alianza
Guerrero,Los Malportados,Cártel del Nuevo Imperio,,,,1,Alianza
México,Los Malportados,Cártel del Nuevo Imperio,,,,3,Alianza
Morelos,Los Malportados,Cártel del Nuevo Imperio,,,,1,Alianza
Aguascalientes,Los Mazatlecos,La Oficina,,,9,,Alianza
Baja California,Los Mazatlecos,La Oficina,,,1,,Alianza
Guerrero,Los Mazatlecos,Cártel de Sinaloa (Los Zambada),,,,1,Alianza
Sinaloa,Los Mazatlecos,Cártel de Sinaloa (Los Zambada),,,,6,Alianza
Sonora,Los Mazatlecos,Cártel de Sinaloa (Los Zambada),,,,1,Alianza
,Los Meleán,Cártel de Sinaloa,1,,,,Alianza
Tamaulipas,Los Metros,Cártel del Golfo Nueva Era,,,,1,Alianza
Tamaulipas,Los Metros,Cártel Jalisco Nueva Generación,,2,,6,Alianza
,Los Mexicles,Los Artistas Asesinos,1,,,,Alianza
Chihuahua,Los Mexicles,Cártel de Sinaloa,,1,,,Alianza
Coahuila,Los Mexicles,Cártel de Sinaloa,,1,,,Alianza
Nuevo León,Los Mexicles,Cártel de Sinaloa,,1,,,Alianza
Colima,Los Mezcales,Cártel de Sinaloa,,1,,1,Alianza
Sinaloa,Los Mochomitos,Cártel de Sinaloa (Los Guzmán),,,1,,Alianza
,Los Mongoles,Los Sureños 13,1,,,,Alianza
,Los Mongoles,Mara Salvatrucha,1,,,,Alianza
Chiapas,Los Motonetos,Cártel de San Juan Chamula,,1,,,Alianza
Morelos,Los Netos,Los Bolillos,,1,,,Alianza
,Los Niño Serrano,Cártel Jalisco Nueva Generación,1,,,,Alianza
Chihuahua,Los Números,Cártel de Caborca,,,,1,Alianza
Durango,Los Números,Cártel de Caborca,,,,1,Alianza
,Los Oaxacos,Cártel del Nuevo Imperio,1,,,,Alianza
,Los Osos,Los Pelones,1,,,,Alianza
,Los Padrinos,Cártel Jalisco Nueva Generación,1,,,,Alianza
,Los Páez,La Barredora 24/7,1,,,,Alianza
,Los Paredes,Los Salazar,1,,,,Alianza
Baja California,Los Pelones,Cártel Jalisco Nueva Generación,,,1,,Alianza
Sonora,Los Pelones,Los Deltas (Los Guzmán),,,,1,Alianza
México,Los Peluches,Cártel de Caborca,,5,,,Alianza
,Los Peques,Los Tlacos,1,,,,Alianza
,Los Perris,Cártel del Nuevo Imperio,1,,,,Alianza
Baja California,Los Pía,Cártel de Sinaloa,,7,,,Alianza
,Los Pilotos,Organización criminal de la familia Meza Flores,1,,,,Alianza
Veracruz,Los Piña,Fuerzas Especiales Grupo Sombra,,,,1,Alianza
Baja California,Los Piscacha,Los Rusos,,,,1,Alianza
Sonora,Los Ponchis,Cártel de Sinaloa (Los Guzmán),,,,4,Alianza
Baja California Sur,Los Primos,Cártel del Golfo,,,,1,Alianza
Baja California Sur,Los Primos,Cártel Jalisco Nueva Generación,,,,1,Alianza
Chihuahua,Los Primos,Cártel del Golfo,,,,1,Alianza
Chihuahua,Los Primos,Cártel Jalisco Nueva Generación,,,,1,Alianza
Coahuila,Los Primos,Cártel del Golfo,,,,2,Alianza
Coahuila,Los Primos,Cártel Jalisco Nueva Generación,,,,2,Alianza
Jalisco,Los Primos,Cártel del Golfo,,,,1,Alianza
Jalisco,Los Primos,Cártel Jalisco Nueva Generación,,,,1,Alianza
México,Los Primos,Cártel del Golfo,,,,1,Alianza
México,Los Primos,Cártel Jalisco Nueva Generación,,,,1,Alianza
Michoacán,Los Primos,Cártel del Golfo,,,,1,Alianza
Michoacán,Los Primos,Cártel Jalisco Nueva Generación,,,,1,Alianza
Nuevo León,Los Primos,Cártel del Golfo,,,,1,Alianza
Nuevo León,Los Primos,Cártel Jalisco Nueva Generación,,,,1,Alianza
Querétaro,Los Primos,Cártel del Golfo,,,,1,Alianza
Querétaro,Los Primos,Cártel Jalisco Nueva Generación,,,,1,Alianza
Quintana Roo,Los Primos,Cártel del Golfo,,,,1,Alianza
Quintana Roo,Los Primos,Cártel Jalisco Nueva Generación,,,,1,Alianza
San Luis Potosí,Los Primos,Cártel del Golfo,,,,1,Alianza
San Luis Potosí,Los Primos,Cártel Jalisco Nueva Generación,,,,1,Alianza
Sinaloa,Los Primos,Cártel del Golfo,,,,1,Alianza
Sinaloa,Los Primos,Cártel Jalisco Nueva Generación,,,,1,Alianza
Tamaulipas,Los Primos,Cártel del Golfo,,,,2,Alianza
Tamaulipas,Los Primos,Cártel Jalisco Nueva Generación,,,,2,Alianza
Veracruz,Los Primos,Cártel del Golfo,,,,1,Alianza
Veracruz,Los Primos,Cártel Jalisco Nueva Generación,,,,1,Alianza
,Los Pulido,Cárteles Unidos,1,,,,Alianza
,Los Querreques,Cártel de Los Arellano Félix,1,,,,Alianza
Chihuahua,Los Ramoncillos,Los Arellanes,,1,,,Alianza
,Los Reyes,Los Salgueiro,1,,,,Alianza
México,Los Rodolfos,Cártel Jalisco Nueva Generación,,4,,,Alianza
México,Los Rodolfos,Los Güeros,,4,,,Alianza
Nuevo León,Los Rodos NCI,Cártel de Sinaloa,,1,,,Alianza
Guerrero,Los Rodríguez,Cártel Jalisco Nueva Generación,,,1,,Alianza
Guerrero,Los Rodríguez,La Nueva Familia Michoacana,,,1,,Alianza
Guerrero,Los Rojos,Cártel del Sur,,,,1,Alianza
Guerrero,Los Rojos,Los Tlacos,,,,1,Alianza
Durango,Los Ruachos,Los Cabrera,,,,2,Alianza
Baja California,Los Rusos,Cártel de Sinaloa,,5,,,Alianza
Baja California,Los Rusos,Los Arzate,,1,,,Alianza
Baja California,Los Rusos,Cártel de Sinaloa (Los Zambada),,5,,,Alianza
Guerrero,Los Rusos,Cártel de Caborca,,,2,,Alianza
Guerrero,Los Rusos,Cártel Jalisco Nueva Generación,,,1,,Alianza
,Los Rusos (de Guerrero),Cártel de Caborca,1,,,,Alianza
,Los Rusos (de Guerrero),Los Arizmendi,1,,,,Alianza
,Los Salazar,Los Paredes,1,,,,Alianza
Baja California,Los Salazar,Cártel de Sinaloa (Los Guzmán),,7,,,Alianza
,Los Salgueiro,Familia Núñez Meza,1,,,,Alianza
,Los Sillas,Cártel de Sinaloa,1,,,,Alianza
,Los Sureños 13,Los Mongoles,1,,,,Alianza
,Los Sureños 13,Mara Salvatrucha,1,,,,Alianza
,Los Talibanes,Cártel de Sinaloa (Los Zambada),1,,,,Alianza
Coahuila,Los Talibanes,Cártel Jalisco Nueva Generación,,1,,,Alianza
Nuevo León,Los Talibanes,Cártel de Sinaloa,,1,,,Alianza
,Los Tanzanios,Cártel de Tláhuac,1,,,,Alianza
Distrito Federal,Los Tanzanios,Los Duques,,2,,,Alianza
,Los Tena,Los Viagra,1,,,,Alianza
Puebla,Los Tepeacas,Los Caltencos,,,,5,Alianza
,Los Tepiteños,Cártel del Nuevo Imperio,1,,,,Alianza
Morelos,Los Tepiteños,La Unión Tepito,,,,1,Alianza
,Los Tequileros,Cártel Jalisco Nueva Generación,1,,,,Alianza
México,Los Tiernos,Cártel del Nuevo Imperio,,3,,,Alianza
,Los Tlacos,Cártel Jalisco Nueva Generación,1,,,,Alianza
,Los Tlacos,Los Peques,1,,,,Alianza
Guerrero,Los Tlacos,Cártel del Sur,,,,3,Alianza
Guerrero,Los Tlacos,Los Rojos,,,,1,Alianza
,Los Trinis,Cártel de Caborca,1,,,,Alianza
,Los Trinis,Organización criminal de la familia Meza Flores,1,,,,Alianza
,Los Vampiros,Cártel de Sinaloa,1,,,,Alianza
Baja California,Los Venados,Cártel de Sinaloa (Los Zambada),,,,1,Alianza
Baja California Sur,Los Venados,Cártel de Sinaloa (Los Zambada),,,,1,Alianza
,Los Viagra,Guardia Michoacana,1,,,,Alianza
Guanajuato,Los Viagra,Cártel de Sinaloa,,,1,,Alianza
Guanajuato,Los Viagra,La Unión León,,,1,,Alianza
México,Los Viagra,Cártel Jalisco Nueva Generación,,,,1,Alianza
Michoacán,Los Viagra,Cártel de la Virgen,,,4,1,Alianza
Michoacán,Los Viagra,Cártel de Los Reyes,,,1,,Alianza
Michoacán,Los Viagra,Cártel Jalisco Nueva Generación,,,11,4,Alianza
Michoacán,Los Viagra,Los Blancos de Troya,,,5,2,Alianza
,Los Viejos Aztecas,La Línea,1,,,,Alianza
,Los Villafán,La Ronda 88,1,,,,Alianza
,Los Zamarripa,Cártel de Santa Rosa de Lima,1,,,,Alianza
,Los Zamarripa,Cártel Nueva Plaza,1,,,,Alianza
Nuevo León,Los Zetas Vieja Escuela,Cártel de Sinaloa,,1,,,Alianza
Tamaulipas,Los Zetas Vieja Escuela,Los Metros,,1,,,Alianza
,Los Zorros,Cártel de Sinaloa (Los Zambada),1,,,,Alianza
Baja California,Los Zorros,Los Arzate,,1,,,Alianza
Baja California,Los Zorros,Los Rusos,,1,,,Alianza
,Los Zuki,Los Epitacio,1,,,,Alianza
,Machete de la Chapiza,Banda de Los Gota a Gota,1,,,,Alianza
,Machete de la Chapiza,Cártel Jalisco Nueva Generación,1,,,,Alianza
,Mafia Filipini,Cártel Jalisco Nueva Generación,1,,,,Alianza
Sonora,Mata Salas,La Plaza,,,,5,Alianza
,Nuevo Cártel del Tigre,Gente Nueva,1,,,,Alianza
Chihuahua,Nuevo Cártel del Tigre,Cártel de Sinaloa (Los Zambada),,,,10,Alianza
Sonora,Nuevo Cártel Independiente de Sonora,Los Cazadores,,,,1,Alianza
Sonora,Nuevo Cártel Independiente de Sonora,Los Paredes,,,,1,Alianza
Sonora,Nuevo Cártel Independiente de Sonora,Los Salazar,,,,2,Alianza
,Organización criminal de Corozal,Cártel de Sinaloa,1,,,,Alianza
,Organización criminal de la familia Meza Flores,Cártel de Los Arellano Félix,1,,,,Alianza
,Organización criminal Machado,Cártel de Sinaloa,1,,,,Alianza
,Organización de Don Pilo,Cártel de Sinaloa,1,,,,Alianza
,Organización de Don Pilo,Cártel de Sinaloa (Los Zambada),1,,,,Alianza
,Organización de los Hernández Salas,Cártel de Sinaloa (Los Guzmán),1,,,,Alianza
México,Organización Sindical Unión 300,Los Conejitos,,,,7,Alianza
Guanajuato,Paramilitares Colombianos,Cártel de Santa Rosa de Lima,,9,,,Alianza
Tabasco,Pueblos Unidos,Cártel de Sinaloa (Los Guzmán),,,,1,Alianza
,Sangre Brava Morelense,La Nueva Empresa,1,,,,Alianza
,Sangre Brava Morelense,Los Rojos,1,,,,Alianza
,Sindicato 22 de Octubre,La Nueva Empresa,1,,,,Alianza
México,Sindicato 22 de Octubre,Unión de Sindicatos y Organizaciones Nacionales,,,,1,Alianza
México,Sindicato Bicentenario,La Nueva Familia Michoacana,,,8,,Alianza
,Sindicato Libertad,Cártel de Juchitán,1,,,,Alianza
,Sindicato Libertad,Cártel de Oaxaca,1,,,,Alianza
,Sindicato Libertad,Guerreros Unidos,1,,,,Alianza
Morelos,Trébol,Federación Morelense,,,,1,Alianza
,Unión de Sindicatos y Organizaciones Nacionales,Federación Morelense,1,,,,Alianza
Distrito Federal,Unión de Sindicatos y Organizaciones Nacionales,La Chokiza,,,,4,Alianza
Distrito Federal,Unión de Sindicatos y Organizaciones Nacionales,La Nueva Familia Michoacana,,,,4,Alianza
Distrito Federal,Unión de Sindicatos y Organizaciones Nacionales,Los Maya,,,,4,Alianza
Distrito Federal,Unión de Sindicatos y Organizaciones Nacionales,Sindicato 22 de Octubre,,,,4,Alianza
Distrito Federal,Unión de Sindicatos y Organizaciones Nacionales,Sindicato Nacional 25 de Marzo,,,,4,Alianza
México,Unión de Sindicatos y Organizaciones Nacionales,La Chokiza,,,,1,Alianza
México,Unión de Sindicatos y Organizaciones Nacionales,La Nueva Familia Michoacana,,,,1,Alianza
México,Unión de Sindicatos y Organizaciones Nacionales,Los Maya,,,,1,Alianza
México,Unión de Sindicatos y Organizaciones Nacionales,Sindicato 22 de Octubre,,,,1,Alianza
México,Unión de Sindicatos y Organizaciones Nacionales,Sindicato Nacional 25 de Marzo,,,,1,Alianza
,Vieja Guardia,Cártel de Santa Rosa de Lima,1,,,,Alianza
,Vieja Guardia,Cártel Nueva Plaza,1,,,,Alianza
Tamaulipas,Cártel del Golfo,Cártel Jalisco Nueva Generación,,,,1,Alianza
Guerrero,Cártel del Sur,Los Ardillos,,,,1,Alianza
Chiapas,Cártel Jalisco Nueva Generación,Cártel Chiapas y Guatemala,,,,4,Alianza
Chiapas,Cártel Jalisco Nueva Generación,El Maíz,,,,4,Alianza
Puebla,La Barredora,Cártel Jalisco Nueva Generación,,,,1,Alianza
Chihuahua,La Empresa,La Línea,,3,1,1,Alianza
Chihuahua,La Empresa,Los Mexicles,,,,1,Alianza
Chihuahua,La Línea,La Empresa,,,,1,Alianza
Chihuahua,La Línea,Los Mexicles,,8,,1,Alianza
Chihuahua,La Línea,Los Nuevos Aztecas,,8,,1,Alianza
Guerrero,Los Ardillos,Cártel del Sur,,,,1,Alianza
Guerrero,Los Ardillos,Los Rojos,,,,1,Alianza
Michoacán,Los Caballeros Templarios,Cártel de Tepalcatepec,,,1,1,Alianza
Michoacán,Los Caballeros Templarios,Los Blancos de Troya,,,3,1,Alianza
Tamaulipas,Los Ciclones,Los Escorpiones,,1,,11,Alianza
Distrito Federal,Los Gastones,Cártel de Tláhuac,,,,3,Alianza
Chiapas,Los Huistas,Cártel de Sinaloa,,,1,1,Alianza
Chiapas,Los Huistas,Cártel Jalisco Nueva Generación,,1,1,1,Alianza
Chihuahua,Los Mexicles,La Empresa,,,,1,Alianza
Chihuahua,Los Mexicles,La Línea,,,,1,Alianza
Chihuahua,Los Nuevos Aztecas,La Línea,,,,1,Alianza
Sonora,Los Pelones,Cártel de Sinaloa (Los Guzmán),,,1,1,Alianza
Guerrero,Los Rojos,Los Ardillos,,,,1,Alianza
,Ántrax,Cártel Jalisco Nueva Generación,1,,,,Conflicto
,Autodefensas de San Cristóbal,Los Motonetos,1,,,,Conflicto
,Autodefensas de Tepalcatepec,Cártel Jalisco Nueva Generación,1,,,,Conflicto
Michoacán,Autodefensas Guardia por la Paz,Cártel Jalisco Nueva Generación,,1,,,Conflicto
,Banda de El América,Banda de El Chita,1,,,,Conflicto
,Banda de El América,Banda de El Geisha,1,,,,Conflicto
,Banda de El América,Banda de El Parka,1,,,,Conflicto
,Banda de El América,Banda del Jefe de Jefes,1,,,,Conflicto
,Banda de El Charal,Cártel Jalisco Nueva Generación,1,,,,Conflicto
,Banda de El Chita,Banda de El América,1,,,,Conflicto
,Banda de El Chita,Banda de El Geisha,1,,,,Conflicto
,Banda de El Chita,Banda del Jefe de Jefes,1,,,,Conflicto
,Banda de El Geisha,Banda de El América,1,,,,Conflicto
,Banda de El Geisha,Banda de El Chita,1,,,,Conflicto
,Banda de El Geisha,Banda del Jefe de Jefes,1,,,,Conflicto
,Banda de El Loco Téllez,Los Coronas,1,,,,Conflicto
,Banda de El Loco Téllez,Los Villegas,1,,,,Conflicto
Puebla,Banda de El Mamer,Banda de El Toñín,,,,1,Conflicto
Puebla,Banda de El Mamer,Sangre Nueva Zeta,,,,1,Conflicto
,Banda de El Masero,Banda de El Tortillero,1,,,,Conflicto
,Banda de El Parka,Banda de El Talachas,1,,,,Conflicto
,Banda de El Talachas,Banda de El Parka,1,,,,Conflicto
,Banda de la Riviera Maya,Hermanos Marcu,1,,,,Conflicto
,Banda del Caracol,Los Maceros,1,,,,Conflicto
,Banda del Chore,Banda del Dober,1,,,,Conflicto
Yucatán,Banda del Chore,Cártel de Sinaloa (Los Zambada),,,,1,Conflicto
,Banda del Cuervo,Los Compich,1,,,,Conflicto
,Banda del Cuervo,Los Pelones,1,,,,Conflicto
,Banda del Dober,Banda del Chore,1,,,,Conflicto
,Banda del Dober,La Barredora,1,,,,Conflicto
,Banda del Dober,Los Cebús,1,,,,Conflicto
,Banda del Galleta,Los Güeros,1,,,,Conflicto
,Banda del Gigan,La Hermandad,1,,,,Conflicto
,Banda del Jefe de Jefes,Banda de El América,1,,,,Conflicto
,Banda del Jefe de Jefes,Banda de El Chita,1,,,,Conflicto
,Banda del Jefe de Jefes,Banda de El Geisha,1,,,,Conflicto
,Banda del Kalimba,Cártel del Pelón de Playas,1,,,,Conflicto
,Banda del Kalimba,CNR,1,,,,Conflicto
Distrito Federal,Banda del Niñote,Los Rodolfos,,,1,,Conflicto
,Banda del Picasso,Los Epitacio,1,,,,Conflicto
Baja California,Banda del Tigre,Cártel Jalisco Nueva Generación,,1,,,Conflicto
,Banda del Valente,Los Güeros,1,,,,Conflicto
Chiapas,Barrio 18,Mara Salvatrucha,,12,,,Conflicto
Chiapas,Cártel Chiapas y Guatemala,Cártel de Sinaloa,,,1,1,Conflicto
Chiapas,Cártel Chiapas y Guatemala,Cártel Jalisco Nueva Generación,,,1,,Conflicto
Chiapas,Cártel Chiapas y Guatemala,Los Huistas,,,1,,Conflicto
Chiapas,Cártel Chiapas y Guatemala,Los Motonetos,,,1,,Conflicto
Chiapas,Cártel Chiapas y Guatemala,Mara Salvatrucha,,,1,,Conflicto
,Cártel de Caborca,Los Deltas (Los Guzmán),1,,,,Conflicto
,Cártel de Caborca,Los Rusos (de Guerrero),1,,,,Conflicto
México,Cártel de Caborca,La Nueva Alianza,,,8,,Conflicto
Quintana Roo,Cártel de Caborca,Cártel de Sinaloa,,2,,,Conflicto
Sonora,Cártel de Caborca,Cártel de Sinaloa (Los Guzmán),,,1,,Conflicto
Sonora,Cártel de Caborca,Los Rusos,,,1,,Conflicto
,Cártel de Cancún,Cártel Jalisco Nueva Generación,1,,,,Conflicto
,Cártel de Ensenada,Cártel Jalisco Nueva Generación,1,,,,Conflicto
,Cártel de Ensenada,Los Mercenarios,1,,,,Conflicto
,Cártel de la Costa,Cártel de Sinaloa,1,,,,Conflicto
,Cártel de la Costa,Cártel Jalisco Nueva Generación,1,,,,Conflicto
Michoacán,Cártel de la Virgen,Cártel de Tepalcatepec,,,3,,Conflicto
Michoacán,Cártel de la Virgen,Los Caballeros Templarios,,,3,,Conflicto
Nuevo León,Cártel de Los Alemanes,Cártel del Noreste,,1,,,Conflicto
Nuevo León,Cártel de Los Alemanes,Cártel Jalisco Nueva Generación,,1,,,Conflicto
Nuevo León,Cártel de Los Alemanes,Los Zetas Vieja Escuela,,1,,,Conflicto
San Luis Potosí,Cártel de Los Alemanes,Cártel Jalisco Nueva Generación,,10,,,Conflicto
Baja California,Cártel de Los Arellano Félix,Cártel de Sinaloa,,7,6,,Conflicto
Baja California,Cártel de Los Arellano Félix,Cártel de Sinaloa (Los Zambada),,,1,3,Conflicto
Chihuahua,Cártel de Los Arellano Félix,La Línea,,,,4,Conflicto
Chihuahua,Cártel de Los Arellano Félix,Los Viejos Aztecas,,,,4,Conflicto
Colima,Cártel de Los Arellano Félix,Cártel Jalisco Nueva Generación,,,,3,Conflicto
Michoacán,Cártel de Los Arellano Félix,Los Caballeros Templarios,,,,1,Conflicto
Michoacán,Cártel de Los Arellano Félix,Los Viagra,,,,1,Conflicto
Nayarit,Cártel de Los Arellano Félix,Cártel Jalisco Nueva Generación,,,,3,Conflicto
Puebla,Cártel de Los Arellano Félix,Cártel Jalisco Nueva Generación,,,,1,Conflicto
Puebla,Cártel de Los Arellano Félix,La Nueva Familia Michoacana,,,,1,Conflicto
Puebla,Cártel de Los Arellano Félix,Los Caballeros Templarios,,,,1,Conflicto
Puebla,Cártel de Los Arellano Félix,Los Zetas Vieja Escuela,,,,1,Conflicto
Sinaloa,Cártel de Los Arellano Félix,Cártel de Sinaloa (Los Guzmán),,,,4,Conflicto
Sinaloa,Cártel de Los Arellano Félix,Cártel de Sinaloa (Los Zambada),,,,4,Conflicto
Sonora,Cártel de Los Arellano Félix,Cártel de Caborca,,,,4,Conflicto
Sonora,Cártel de Los Arellano Félix,Cártel Jalisco Nueva Generación,,,,4,Conflicto
Sonora,Cártel de Los Arellano Félix,Los Mazatlecos,,,,4,Conflicto
Baja California,Cártel de Los Beltrán Leyva,Cártel de Sinaloa,,1,,,Conflicto
Baja California,Cártel de Los Beltrán Leyva,Cártel de Tijuana Nueva Generación,,1,,,Conflicto
Baja California,Cártel de Los Beltrán Leyva,Cártel Jalisco Nueva Generación,,1,,,Conflicto
Baja California Sur,Cártel de Los Beltrán Leyva,Cártel de Sinaloa,,2,,,Conflicto
Baja California Sur,Cártel de Los Beltrán Leyva,Cártel Jalisco Nueva Generación,,2,,,Conflicto
Chiapas,Cártel de Los Beltrán Leyva,Cártel de San Juan Chamula,,,1,,Conflicto
Chiapas,Cártel de Los Beltrán Leyva,Cártel de Sinaloa,,,1,,Conflicto
Chiapas,Cártel de Los Beltrán Leyva,Cártel Jalisco Nueva Generación,,,1,,Conflicto
Chiapas,Cártel de Los Beltrán Leyva,Los Zetas Vieja Escuela,,,1,,Conflicto
Chiapas,Cártel de Los Beltrán Leyva,Mara Salvatrucha,,,1,,Conflicto
Sinaloa,Cártel de Los Beltrán Leyva,Cártel de Sinaloa (Los Zambada),,,,1,Conflicto
Zacatecas,Cártel de Los Maestros,Cártel de Sinaloa,,,,1,Conflicto
Zacatecas,Cártel de Los Maestros,Cártel del Noreste,,,,1,Conflicto
Zacatecas,Cártel de Los Maestros,Cártel Jalisco Nueva Generación,,,,1,Conflicto
Michoacán,Cártel de Los Reyes,Cártel Jalisco Nueva Generación,,,,1,Conflicto
,Cártel de Oaxaca,Cártel Jalisco Nueva Generación,1,,,,Conflicto
,Cártel de San Juan Chamula,Los Motonetos,1,,,,Conflicto
Chiapas,Cártel de San Juan Chamula,Cártel de Los Beltrán Leyva,,,1,,Conflicto
Chiapas,Cártel de San Juan Chamula,Cártel de Sinaloa,,,1,,Conflicto
Chiapas,Cártel de San Juan Chamula,Cártel Jalisco Nueva Generación,,,1,,Conflicto
Chiapas,Cártel de San Juan Chamula,Los Zetas Vieja Escuela,,,1,,Conflicto
Guanajuato,Cártel de Santa Rosa de Lima,Cártel Jalisco Nueva Generación,,18,28,17,Conflicto
Michoacán,Cártel de Santa Rosa de Lima,Cártel Jalisco Nueva Generación,,2,,,Conflicto
Querétaro,Cártel de Santa Rosa de Lima,Cártel Jalisco Nueva Generación,,1,1,2,Conflicto
Aguascalientes,Cártel de Sinaloa,Cártel Jalisco Nueva Generación,,3,11,1,Conflicto
Baja California,Cártel de Sinaloa,Cártel de Los Arellano Félix,,4,3,,Conflicto
Baja California,Cártel de Sinaloa,Cártel de Los Beltrán Leyva,,1,,,Conflicto
Baja California,Cártel de Sinaloa,Cártel de Tijuana Nueva Generación,,2,2,,Conflicto
Baja California,Cártel de Sinaloa,Cártel Jalisco Nueva Generación,,4,2,4,Conflicto
Baja California,Cártel de Sinaloa,Fuerzas Armadas Apache,,,1,,Conflicto
Baja California Sur,Cártel de Sinaloa,Cártel de Los Beltrán Leyva,,2,,,Conflicto
Baja California Sur,Cártel de Sinaloa,Cártel Jalisco Nueva Generación,,2,,,Conflicto
Chiapas,Cártel de Sinaloa,Cártel Chiapas y Guatemala,,,1,,Conflicto
Chiapas,Cártel de Sinaloa,Cártel de Los Beltrán Leyva,,,16,,Conflicto
Chiapas,Cártel de Sinaloa,Cártel de San Juan Chamula,,,16,,Conflicto
Chiapas,Cártel de Sinaloa,El Maíz,,,1,1,Conflicto
Chiapas,Cártel de Sinaloa,Los Huistas,,,1,,Conflicto
Chiapas,Cártel de Sinaloa,Los Motonetos,,,1,,Conflicto
Chiapas,Cártel de Sinaloa,Los Zetas Vieja Escuela,,,16,,Conflicto
Chiapas,Cártel de Sinaloa,Mara Salvatrucha,,,17,,Conflicto
Chihuahua,Cártel de Sinaloa,Cártel Jalisco Nueva Generación,,,1,,Conflicto
Chihuahua,Cártel de Sinaloa,La Línea,,8,1,6,Conflicto
Chihuahua,Cártel de Sinaloa,Nuevo Cártel de Juárez,,,3,,Conflicto
Coahuila,Cártel de Sinaloa,Cártel del Noreste,,,1,,Conflicto
Coahuila,Cártel de Sinaloa,Cártel Jalisco Nueva Generación,,,1,,Conflicto
Colima,Cártel de Sinaloa,Cártel Jalisco Nueva Generación,,2,1,,Conflicto
Colima,Cártel de Sinaloa,Los Zetas Vieja Escuela,,1,1,,Conflicto
Durango,Cártel de Sinaloa,Cártel Jalisco Nueva Generación,,,,1,Conflicto
Durango,Cártel de Sinaloa,Gente del Guano,,,2,,Conflicto
Guanajuato,Cártel de Sinaloa,Cártel Jalisco Nueva Generación,,6,11,,Conflicto
Hidalgo,Cártel de Sinaloa,Cártel Jalisco Nueva Generación,,,,1,Conflicto
Jalisco,Cártel de Sinaloa,Cártel Jalisco Nueva Generación,,4,1,,Conflicto
Michoacán,Cártel de Sinaloa,Cártel Jalisco Nueva Generación,,,1,,Conflicto
Nayarit,Cártel de Sinaloa,Cártel Jalisco Nueva Generación,,2,1,1,Conflicto
Nuevo León,Cártel de Sinaloa,Los Chuckys,,,1,,Conflicto
Querétaro,Cártel de Sinaloa,Cártel Jalisco Nueva Generación,,,,1,Conflicto
Quintana Roo,Cártel de Sinaloa,Cártel de Caborca,,1,,,Conflicto
Quintana Roo,Cártel de Sinaloa,Cártel Jalisco Nueva Generación,,1,,,Conflicto
Sinaloa,Cártel de Sinaloa,Cártel Jalisco Nueva Generación,,,,1,Conflicto
Sonora,Cártel de Sinaloa,Cártel de Caborca,,1,,,Conflicto
Tabasco,Cártel de Sinaloa,Cártel Jalisco Nueva Generación,,,1,,Conflicto
Tamaulipas,Cártel de Sinaloa,Cártel del Golfo,,,1,,Conflicto
Tamaulipas,Cártel de Sinaloa,Cártel del Noreste,,,1,,Conflicto
Tamaulipas,Cártel de Sinaloa,Cártel Jalisco Nueva Generación,,,1,,Conflicto
Tamaulipas,Cártel de Sinaloa,Los Zetas Vieja Escuela,,,1,,Conflicto
Tlaxcala,Cártel de Sinaloa,Cártel Jalisco Nueva Generación,,1,18,,Conflicto
Veracruz,Cártel de Sinaloa,Cártel del Golfo,,,4,,Conflicto
Veracruz,Cártel de Sinaloa,Cártel Jalisco Nueva Generación,,,4,,Conflicto
Yucatán,Cártel de Sinaloa,Cártel Jalisco Nueva Generación,,,,5,Conflicto
Zacatecas,Cártel de Sinaloa,Cártel de Los Maestros,,,,1,Conflicto
Zacatecas,Cártel de Sinaloa,Cártel del Noreste,,,,1,Conflicto
Zacatecas,Cártel de Sinaloa,Cártel Jalisco Nueva Generación,,,3,3,Conflicto
Chiapas,Cártel de Sinaloa ,Cártel Jalisco Nueva Generación,,42,52,1,Conflicto
México,Cártel de Sinaloa ,Cártel Jalisco Nueva Generación,,1,,1,Conflicto
Morelos,Cártel de Sinaloa ,Cártel Jalisco Nueva Generación,,2,,,Conflicto
Oaxaca,Cártel de Sinaloa ,Cártel Jalisco Nueva Generación,,4,,,Conflicto
Baja California,Cártel de Sinaloa (Los Guzmán),Cártel de Los Arellano Félix,,,1,3,Conflicto
Baja California,Cártel de Sinaloa (Los Guzmán),Cártel de Santa Rosa de Lima,,,,1,Conflicto
Baja California,Cártel de Sinaloa (Los Guzmán),Cártel de Sinaloa,,,1,1,Conflicto
Baja California,Cártel de Sinaloa (Los Guzmán),Cártel de Sinaloa (Los Zambada),,,1,6,Conflicto
Baja California,Cártel de Sinaloa (Los Guzmán),Los Arzate,,,,1,Conflicto
Baja California Sur,Cártel de Sinaloa (Los Guzmán),Cártel de Sinaloa (Los Zambada),,,,10,Conflicto
Chihuahua,Cártel de Sinaloa (Los Guzmán),Cártel de Juárez,,1,,,Conflicto
Nuevo León,Cártel de Sinaloa (Los Guzmán),Cártel del Noreste,,1,,,Conflicto
Sinaloa,Cártel de Sinaloa (Los Guzmán),Cártel de Sinaloa (Los Zambada),,,6,40,Conflicto
Sinaloa,Cártel de Sinaloa (Los Guzmán),Los Mazatlecos,,,,1,Conflicto
Sonora,Cártel de Sinaloa (Los Guzmán),Cártel de Caborca,,,1,,Conflicto
Sonora,Cártel de Sinaloa (Los Guzmán),Cártel de Sinaloa (Los Zambada),,,1,,Conflicto
Sonora,Cártel de Sinaloa (Los Guzmán),Los Rusos,,,1,2,Conflicto
Tamaulipas,Cártel de Sinaloa (Los Guzmán),Cártel de Sinaloa (Los Zambada),,,1,,Conflicto
Zacatecas,Cártel de Sinaloa (Los Guzmán),Cártel de Sinaloa (Los Zambada),,,1,,Conflicto
Baja California,Cártel de Sinaloa (Los Zambada),Cártel de Los Arellano Félix,,,1,3,Conflicto
Baja California,Cártel de Sinaloa (Los Zambada),Cártel de Santa Rosa de Lima,,,,1,Conflicto
Baja California,Cártel de Sinaloa (Los Zambada),Cártel de Sinaloa,,,1,1,Conflicto
Baja California,Cártel de Sinaloa (Los Zambada),Cártel de Sinaloa (Los Guzmán),,,1,5,Conflicto
Baja California,Cártel de Sinaloa (Los Zambada),Cártel Jalisco Nueva Generación,,,1,3,Conflicto
Baja California Sur,Cártel de Sinaloa (Los Zambada),Cártel de Sinaloa (Los Guzmán),,,,7,Conflicto
Baja California Sur,Cártel de Sinaloa (Los Zambada),Los Cabrera,,,,2,Conflicto
Chihuahua,Cártel de Sinaloa (Los Zambada),La Línea,,,,2,Conflicto
Coahuila,Cártel de Sinaloa (Los Zambada),Cártel de Sinaloa (Los Guzmán),,,,1,Conflicto
Colima,Cártel de Sinaloa (Los Zambada),Cártel de Sinaloa (Los Guzmán),,,1,,Conflicto
Durango,Cártel de Sinaloa (Los Zambada),Cártel de Sinaloa (Los Guzmán),,,1,,Conflicto
Nayarit,Cártel de Sinaloa (Los Zambada),Cártel Jalisco Nueva Generación,,,1,6,Conflicto
Sinaloa,Cártel de Sinaloa (Los Zambada),Cártel de Los Beltrán Leyva,,,,1,Conflicto
Sinaloa,Cártel de Sinaloa (Los Zambada),Cártel de Sinaloa,,,1,,Conflicto
Sinaloa,Cártel de Sinaloa (Los Zambada),Cártel de Sinaloa (Los Guzmán),,,8,35,Conflicto
Sinaloa,Cártel de Sinaloa (Los Zambada),Cártel de Sinaloa (Los Zambada),,,1,,Conflicto
Sonora,Cártel de Sinaloa (Los Zambada),Cártel de Sinaloa (Los Guzmán),,,1,1,Conflicto
Tamaulipas,Cártel de Sinaloa (Los Zambada),Cártel de Sinaloa (Los Guzmán),,,1,,Conflicto
Tamaulipas,Cártel de Sinaloa (Los Zambada),Tropa del Infierno,,,1,,Conflicto
Zacatecas,Cártel de Sinaloa (Los Zambada),Cártel Jalisco Nueva Generación,,,1,,Conflicto
Michoacán,Cártel de Tepalcatepec,Cártel Michoacán Nueva Generación,,,2,,Conflicto
,Cártel de Tijuana Nueva Generación,Cártel de Los Arellano Félix,1,,,,Conflicto
Baja California,Cártel de Tijuana Nueva Generación,Cártel de Sinaloa,,1,2,,Conflicto
Distrito Federal,Cártel de Tláhuac,La Unión Tepito,,,1,4,Conflicto
Distrito Federal,Cártel de Tláhuac,Los Rodolfos,,,,4,Conflicto
Hidalgo,Cártel de Tláhuac,La Unión Tepito,,,,1,Conflicto
Hidalgo,Cártel de Tláhuac,Los Rodolfos,,,,1,Conflicto
México,Cártel de Tláhuac,La Unión Tepito,,,,1,Conflicto
México,Cártel de Tláhuac,Los Rodolfos,,,,1,Conflicto
Morelos,Cártel de Tláhuac,La Unión Tepito,,,,1,Conflicto
Morelos,Cártel de Tláhuac,Los Rodolfos,,,,1,Conflicto
,Cártel de Zicuirán,Cártel Jalisco Nueva Generación,1,,,,Conflicto
,Cártel del Camaleón,Cártel Jalisco Nueva Generación,1,,,,Conflicto
México,Cártel del Golfo,Cártel Jalisco Nueva Generación,,,,1,Conflicto
Nuevo León,Cártel del Golfo,Cártel del Noreste,,,1,1,Conflicto
Tamaulipas,Cártel del Golfo,Cártel de Sinaloa,,,1,,Conflicto
Tamaulipas,Cártel del Golfo,Cártel del Noreste,,,1,,Conflicto
Tamaulipas,Cártel del Golfo,Los Zetas Vieja Escuela,,,1,,Conflicto
Veracruz,Cártel del Golfo,Cártel de Sinaloa,,,4,,Conflicto
Veracruz,Cártel del Golfo,Cártel Jalisco Nueva Generación,,,4,,Conflicto
Tamaulipas,Cártel del Golfo Nueva Era,Los Ciclones,,,,1,Conflicto
Baja California,Cártel del Mar,Cártel de Sinaloa (Los Zambada),,,,1,Conflicto
Baja California,Cártel del Mar,Los Rusos,,,,3,Conflicto
Coahuila,Cártel del Noreste,Cártel de Sinaloa,,,1,,Conflicto
Coahuila,Cártel del Noreste,Cártel Jalisco Nueva Generación,,,1,,Conflicto
Morelos,Cártel del Noreste,Cártel de Sinaloa,,6,,,Conflicto
Morelos,Cártel del Noreste,Cártel Jalisco Nueva Generación,,6,,,Conflicto
Morelos,Cártel del Noreste,La Nueva Familia Michoacana,,1,,,Conflicto
Morelos,Cártel del Noreste,Los Guerrero,,4,,,Conflicto
Morelos,Cártel del Noreste,Los Metros,,6,,,Conflicto
Morelos,Cártel del Noreste,Los Zetas Vieja Escuela,,6,,,Conflicto
Nuevo León,Cártel del Noreste,Cártel del Golfo,,,1,1,Conflicto
Nuevo León,Cártel del Noreste,Los Costales,,,2,,Conflicto
San Luis Potosí,Cártel del Noreste,Grupo Bravo,,,,2,Conflicto
Tabasco,Cártel del Noreste,Cártel Jalisco Nueva Generación,,,1,,Conflicto
Tamaulipas,Cártel del Noreste,Cártel de Sinaloa,,,1,,Conflicto
Tamaulipas,Cártel del Noreste,Cártel del Golfo,,,1,,Conflicto
Tamaulipas,Cártel del Noreste,Cártel Jalisco Nueva Generación,,,1,,Conflicto
Tamaulipas,Cártel del Noreste,Los Metros,,,,7,Conflicto
Tamaulipas,Cártel del Noreste,Los Zetas Vieja Escuela,,,1,,Conflicto
México,Cártel del Nuevo Imperio,La Unión Tepito,,19,,,Conflicto
,Cártel del Pelón de Playas,Banda del Kalimba,1,,,,Conflicto
Coahuila,Cártel del Poniente,Cártel de Sinaloa (Los Zambada),,,,1,Conflicto
,Cártel del Sur,Los Rojos,1,,,,Conflicto
Guerrero,Cártel del Sur,La Nueva Familia Michoacana,,,1,,Conflicto
Guerrero,Cártel del Sur,Los Jaliscos,,,1,,Conflicto
Guanajuato,Cártel Gente Nueva Salazar,Cártel de Santa Rosa de Lima,,,11,1,Conflicto
Guanajuato,Cártel Gente Nueva Salazar,Cártel de Sinaloa,,,,1,Conflicto
Guanajuato,Cártel Gente Nueva Salazar,Cártel Jalisco Nueva Generación,,,11,1,Conflicto
Guanajuato,Cártel Gente Nueva Salazar,Cártel La Nueva Familia,,,,1,Conflicto
Guanajuato,Cártel Gente Nueva Salazar,Cártel Nueva Plaza,,,,1,Conflicto
Querétaro,Cártel Gente Nueva Salazar,Cártel Jalisco Nueva Generación,,,,1,Conflicto
,Cártel Independiente de Acapulco,Cártel Jalisco Nueva Generación,1,,,,Conflicto
,Cártel Independiente de Acapulco,Los Rusos (de Guerrero),1,,,,Conflicto
,Cártel Independiente de Acapulco,Los Zetas Vieja Escuela,1,,,,Conflicto
Guerrero,Cártel Independiente de Acapulco,Los Rusos,,,1,,Conflicto
,Cártel Independiente de Nuevo Léon,Cártel del Noreste,1,,,,Conflicto
,Cártel Jalisco Nueva Generación,Banda de Chapala,1,,,,Conflicto
,Cártel Jalisco Nueva Generación,Banda de El Chita,1,,,,Conflicto
Aguascalientes,Cártel Jalisco Nueva Generación,Cártel de Sinaloa,,1,3,2,Conflicto
Baja California,Cártel Jalisco Nueva Generación,Cártel de Santa Rosa de Lima,,,,1,Conflicto
Baja California,Cártel Jalisco Nueva Generación,Cártel de Sinaloa,,7,2,6,Conflicto
Baja California,Cártel Jalisco Nueva Generación,Cártel de Sinaloa (Los Zambada),,,1,4,Conflicto
Baja California,Cártel Jalisco Nueva Generación,La Gente de Aquiles,,,,1,Conflicto
Baja California,Cártel Jalisco Nueva Generación,Los Arzate,,,1,1,Conflicto
Baja California Sur,Cártel Jalisco Nueva Generación,Cártel de Los Beltrán Leyva,,2,,,Conflicto
Baja California Sur,Cártel Jalisco Nueva Generación,Cártel de Sinaloa,,2,,,Conflicto
Chiapas,Cártel Jalisco Nueva Generación,Cártel de Los Beltrán Leyva,,,14,,Conflicto
Chiapas,Cártel Jalisco Nueva Generación,Cártel de San Juan Chamula,,,14,,Conflicto
Chiapas,Cártel Jalisco Nueva Generación,Los Huistas,,,1,,Conflicto
Chiapas,Cártel Jalisco Nueva Generación,Los Motonetos,,,1,,Conflicto
Chiapas,Cártel Jalisco Nueva Generación,Los Zetas Vieja Escuela,,,14,,Conflicto
Chiapas,Cártel Jalisco Nueva Generación,Mara Salvatrucha,,,15,,Conflicto
Coahuila,Cártel Jalisco Nueva Generación,Cártel de Sinaloa,,,1,,Conflicto
Coahuila,Cártel Jalisco Nueva Generación,Cártel del Noreste,,,1,,Conflicto
Colima,Cártel Jalisco Nueva Generación,Cártel de Sinaloa,,1,2,,Conflicto
Colima,Cártel Jalisco Nueva Generación,Los Mezcales,,,1,,Conflicto
Colima,Cártel Jalisco Nueva Generación,Los Zetas Vieja Escuela,,1,1,,Conflicto
Distrito Federal,Cártel Jalisco Nueva Generación,Cártel de Santa Rosa de Lima,,,,3,Conflicto
Distrito Federal,Cártel Jalisco Nueva Generación,Cártel de Sinaloa,,,,3,Conflicto
Guanajuato,Cártel Jalisco Nueva Generación,Cártel de Santa Rosa de Lima,,23,35,1,Conflicto
Guanajuato,Cártel Jalisco Nueva Generación,La Nueva Familia Michoacana,,,1,,Conflicto
Guerrero,Cártel Jalisco Nueva Generación,Cártel de Caborca,,,,1,Conflicto
Guerrero,Cártel Jalisco Nueva Generación,La Nueva Familia Michoacana,,,1,1,Conflicto
Guerrero,Cártel Jalisco Nueva Generación,Los Rusos,,,1,,Conflicto
Hidalgo,Cártel Jalisco Nueva Generación,Cártel de Sinaloa,,,,1,Conflicto
Jalisco,Cártel Jalisco Nueva Generación,Cártel de Santa Rosa de Lima,,,,1,Conflicto
Jalisco,Cártel Jalisco Nueva Generación,Cártel de Sinaloa,,3,1,1,Conflicto
Jalisco,Cártel Jalisco Nueva Generación,La Familia Michoacana,,,,1,Conflicto
Jalisco,Cártel Jalisco Nueva Generación,Los Caballeros Templarios,,,,1,Conflicto
Michoacán,Cártel Jalisco Nueva Generación,Comandante Teto,,,1,,Conflicto
Michoacán,Cártel Jalisco Nueva Generación,Grupo X,,,,3,Conflicto
Michoacán,Cártel Jalisco Nueva Generación,La Familia Michoacana,,,,1,Conflicto
Michoacán,Cártel Jalisco Nueva Generación,Los Correa,,,1,,Conflicto
Nayarit,Cártel Jalisco Nueva Generación,Cártel de Sinaloa,,1,1,1,Conflicto
Nayarit,Cártel Jalisco Nueva Generación,Cártel de Sinaloa (Los Zambada),,,1,9,Conflicto
Nuevo León,Cártel Jalisco Nueva Generación,Los Chuckys,,,1,,Conflicto
Puebla,Cártel Jalisco Nueva Generación,Cártel de Sinaloa,,,,11,Conflicto
Querétaro,Cártel Jalisco Nueva Generación,Cártel de Santa Rosa de Lima,,1,1,1,Conflicto
Querétaro,Cártel Jalisco Nueva Generación,Cártel de Sinaloa,,,,1,Conflicto
Querétaro,Cártel Jalisco Nueva Generación,La Nueva Familia Michoacana,,,,1,Conflicto
Querétaro,Cártel Jalisco Nueva Generación,Los Escorpiones,,,,1,Conflicto
Quintana Roo,Cártel Jalisco Nueva Generación,Cártel de Caborca,,,,3,Conflicto
Quintana Roo,Cártel Jalisco Nueva Generación,Cártel de Sinaloa,,1,,1,Conflicto
San Luis Potosí,Cártel Jalisco Nueva Generación,Cártel de Sinaloa,,,,1,Conflicto
Sinaloa,Cártel Jalisco Nueva Generación,Cártel de Sinaloa (Los Zambada),,,,1,Conflicto
Tabasco,Cártel Jalisco Nueva Generación,La Barredora,,,7,3,Conflicto
Tamaulipas,Cártel Jalisco Nueva Generación,Cártel de Sinaloa,,,1,,Conflicto
Tamaulipas,Cártel Jalisco Nueva Generación,Cártel del Golfo,,,1,,Conflicto
Tamaulipas,Cártel Jalisco Nueva Generación,Cártel del Noreste,,,1,,Conflicto
Tamaulipas,Cártel Jalisco Nueva Generación,Los Zetas Vieja Escuela,,,1,,Conflicto
Tamaulipas,Cártel Jalisco Nueva Generación,Tropa del Infierno,,,1,,Conflicto
Tlaxcala,Cártel Jalisco Nueva Generación,Cártel de Sinaloa,,1,20,,Conflicto
Veracruz,Cártel Jalisco Nueva Generación,Cártel de Santa Rosa de Lima,,,,3,Conflicto
Veracruz,Cártel Jalisco Nueva Generación,Cártel de Sinaloa,,,4,3,Conflicto
Veracruz,Cártel Jalisco Nueva Generación,Cártel del Golfo,,,4,,Conflicto
Zacatecas,Cártel Jalisco Nueva Generación,Cártel de Los Maestros,,,,1,Conflicto
Zacatecas,Cártel Jalisco Nueva Generación,Cártel de Santa Rosa de Lima,,,1,,Conflicto
Zacatecas,Cártel Jalisco Nueva Generación,Cártel de Sinaloa,,,4,3,Conflicto
Zacatecas,Cártel Jalisco Nueva Generación,Cártel de Sinaloa (Los Zambada),,,1,,Conflicto
Zacatecas,Cártel Jalisco Nueva Generación,Cártel del Noreste,,,,1,Conflicto
Chiapas,Cártel Jalisco Nueva Generación ,Cártel de Sinaloa,,50,49,2,Conflicto
México,Cártel Jalisco Nueva Generación ,Cártel de Sinaloa,,13,,1,Conflicto
Michoacán,Cártel Jalisco Nueva Generación ,Cártel de Santa Rosa de Lima,,42,,2,Conflicto
Michoacán,Cártel Jalisco Nueva Generación ,Cártel de Sinaloa,,42,1,2,Conflicto
Michoacán,Cártel Jalisco Nueva Generación ,Cártel de Tepalcatepec,,1,5,1,Conflicto
Michoacán,Cártel Jalisco Nueva Generación ,Cárteles Unidos ,,2,3,,Conflicto
Michoacán,Cártel Jalisco Nueva Generación ,La Nueva Familia Michoacana,,1,1,7,Conflicto
Michoacán,Cártel Jalisco Nueva Generación ,Los Caballeros Templarios,,7,4,6,Conflicto
Michoacán,Cártel Jalisco Nueva Generación ,Los Tena,,2,,1,Conflicto
Morelos,Cártel Jalisco Nueva Generación ,Cártel de Santa Rosa de Lima,,2,,,Conflicto
Morelos,Cártel Jalisco Nueva Generación ,Cártel de Sinaloa,,2,,,Conflicto
Morelos,Cártel Jalisco Nueva Generación ,Los Rojos,,1,,,Conflicto
Oaxaca,Cártel Jalisco Nueva Generación ,Cártel de Santa Rosa de Lima,,6,,,Conflicto
Oaxaca,Cártel Jalisco Nueva Generación ,Cártel de Sinaloa,,6,,,Conflicto
Guanajuato,Cártel La Nueva Familia,Cártel de Santa Rosa de Lima,,,,1,Conflicto
Guanajuato,Cártel La Nueva Familia,Cártel de Sinaloa,,,,1,Conflicto
Guanajuato,Cártel La Nueva Familia,Cártel Jalisco Nueva Generación,,,,1,Conflicto
Guanajuato,Cártel La Nueva Familia,Cártel Nueva Plaza,,,,1,Conflicto
Guanajuato,Cártel La Nueva Familia,Cártel Nueva Salazar,,,,1,Conflicto
Michoacán,Cártel Michoacán Nueva Generación,Cártel de Tepalcatepec,,,6,,Conflicto
Michoacán,Cártel Michoacán Nueva Generación,La Nueva Familia Michoacana,,,,4,Conflicto
Michoacán,Cártel Michoacán Nueva Generación,Los Caballeros Templarios,,,3,8,Conflicto
Guanajuato,Cártel Nueva Plaza,Cártel de Santa Rosa de Lima,,,,1,Conflicto
Guanajuato,Cártel Nueva Plaza,Cártel Jalisco Nueva Generación,,,,1,Conflicto
Guanajuato,Cártel Nueva Plaza,Cártel La Nueva Familia,,,,1,Conflicto
Guanajuato,Cártel Nueva Plaza,Cártel Nueva Salazar,,,,1,Conflicto
Jalisco,Cártel Nueva Plaza,Cártel de Sinaloa (Los Guzmán),,,,1,Conflicto
,Cártel Zicuirán Nueva Generación,Cárteles Unidos,1,,,,Conflicto
,Cártel Zicuirán Nueva Generación,La Nueva Familia Michoacana,1,,,,Conflicto
Guanajuato,Cárteles Unidos,Cártel Jalisco Nueva Generación,,,1,,Conflicto
México,Cárteles Unidos,Cártel Jalisco Nueva Generación,,,,1,Conflicto
México,Cárteles Unidos,Los Viagra,,,,1,Conflicto
Michoacán,Cárteles Unidos,Los Caballeros Templarios,,,1,,Conflicto
Michoacán,Cárteles Unidos ,Cártel Jalisco Nueva Generación,,6,5,1,Conflicto
,CDX,Cártel del Noreste,1,,,,Conflicto
,CNR,Banda del Kalimba,1,,,,Conflicto
,Colombianos,Cártel Jalisco Nueva Generación,1,,,,Conflicto
,Columna Armada Pedro J. Méndez,Cártel del Noreste,1,,,,Conflicto
,Comando Tlahuica,Los Rojos,1,,,,Conflicto
,Comando XXIII,Cártel de Zicuirán,1,,,,Conflicto
,Comando XXIII,Los Viagra,1,,,,Conflicto
Michoacán,Comando XXIII,Cárteles Unidos ,,1,,,Conflicto
Michoacán,Comando XXIII,La Nueva Familia Michoacana,,1,,,Conflicto
Guerrero,Doble B,La Nueva Familia Michoacana,,,1,,Conflicto
Sinaloa,Don Lemo,Cártel de Sinaloa (Los Zambada),,,,1,Conflicto
Sinaloa,El 00,Cártel de Sinaloa (Los Guzmán),,,,1,Conflicto
Quintana Roo,El 15,Cártel de Sinaloa (Los Zambada),,,,1,Conflicto
,El 30,Cártel Jalisco Nueva Generación,1,,,,Conflicto
Aguascalientes,El 30,Cártel de Sinaloa (Los Guzmán),,,,1,Conflicto
Guanajuato,El 30,Cártel de Sinaloa (Los Guzmán),,,,1,Conflicto
Querétaro,El 30,Cártel de Sinaloa (Los Guzmán),,,,1,Conflicto
Sinaloa,El 40,Cártel de Sinaloa (Los Zambada),,,,1,Conflicto
Morelos,El Flaco,Cártel de Sinaloa (Los Guzmán),,,,1,Conflicto
Chiapas,El Güero Pulseras,Cártel de Sinaloa (Los Guzmán),,,,1,Conflicto
Sinaloa,El Limón,Cártel de Sinaloa (Los Guzmán),,,,1,Conflicto
Chiapas,El Machete,Cártel de Sinaloa,,,,1,Conflicto
Chiapas,El Maíz,Cártel de Sinaloa,,,,1,Conflicto
Chihuahua,El Señor de la V,Cártel de Sinaloa (Los Zambada),,,,1,Conflicto
Distrito Federal,El Tren de Aragua,Familia Gandarilla,,,,1,Conflicto
Distrito Federal,El Tren de Aragua,Fuerza Anti-Unión Tepito,,,,6,Conflicto
,Equipo del Justiciero del Pueblo,Cárteles Unidos,1,,,,Conflicto
,Equipo del Justiciero del Pueblo,La Nueva Familia Michoacana,1,,,,Conflicto
,Familia Gandarilla,Los Salgueiro,1,,,,Conflicto
,Familia Meza Osorio,La Línea,1,,,,Conflicto
,Familia Meza Osorio,Los Salgueiro,1,,,,Conflicto
,Familia Núñez Meza,Fuerzas Especiales Mexicles,1,,,,Conflicto
,Familia Núñez Meza,La Línea,1,,,,Conflicto
,Familia Núñez Meza,Los Nuevos Aztecas,1,,,,Conflicto
,Federación Guerrerense,La Nueva Familia Michoacana,1,,,,Conflicto
Distrito Federal,Fuerza Anti-Unión Tepito,La Unión Tepito,,4,6,5,Conflicto
Baja California,Fuerzas Armadas Apache,Cártel de Sinaloa,,,1,,Conflicto
,Fuerzas Armadas de Simojovel,Los Diablos,1,,,,Conflicto
Jalisco,Fuerzas Especiales del Charro,Cártel Jalisco Nueva Generación,,,,1,Conflicto
Veracruz,Fuerzas Especiales Grupo Sombra,Cártel Jalisco Nueva Generación,,,,12,Conflicto
Veracruz,Fuerzas Especiales Grupo Sombra,Gente Nueva,,,,3,Conflicto
Veracruz,Fuerzas Especiales Grupo Sombra,Gestora,,,,4,Conflicto
,Fuerzas Especiales Mencho,Cárteles Unidos,1,,,,Conflicto
,Fuerzas Especiales Mexicles,Cártel de Sinaloa,1,,,,Conflicto
,Fuerzas Especiales Mexicles,Los Artistas Asesinos,1,,,,Conflicto
,Fuerzas Especiales Mexicles,Los Mexicles,1,,,,Conflicto
Durango,Fuerzas Especiales Unión,Cártel de Sinaloa (Los Zambada),,,1,,Conflicto
Jalisco,Fuerzas Especiales Unión,Cártel de Sinaloa (Los Zambada),,,1,,Conflicto
Sinaloa,Fuerzas Especiales Unión,Cártel de Sinaloa (Los Zambada),,,,14,Conflicto
Chihuahua,Gente Nueva,La Línea,,1,1,,Conflicto
Morelos,Gente Nueva,Cártel Jalisco Nueva Generación,,1,,,Conflicto
Veracruz,Gente Nueva,Cártel Jalisco Nueva Generación,,1,,3,Conflicto
Veracruz,Gente Nueva,Fuerzas Especiales Grupo Sombra,,,,3,Conflicto
Chihuahua,Gente Nueva del Jaguar,Cártel de Sinaloa (Los Guzmán),,,,1,Conflicto
Veracruz,Gestora,Fuerzas Especiales Grupo Sombra,,,,4,Conflicto
Aguascalientes,Gpo. Flechas Operativa M.Z.,Cártel Jalisco Nueva Generación,,2,,,Conflicto
Nayarit,Gpo. Flechas Operativa M.Z.,Cártel de Sinaloa (Los Guzmán),,,,1,Conflicto
San Luis Potosí,Gpo. Flechas Operativa M.Z.,Cártel de Sinaloa (Los Guzmán),,,,1,Conflicto
San Luis Potosí,Grupo Bravo,Cártel del Noreste,,,,2,Conflicto
San Luis Potosí,Grupo Bravo,Cártel Jalisco Nueva Generación,,,,2,Conflicto
Sinaloa,Grupo del Guano,Cártel de Sinaloa (Los Zambada),,,,1,Conflicto
Sinaloa,Grupo del Guano,Los Mazatlecos,,,,1,Conflicto
Guanajuato,Grupo Élite,Cártel de Santa Rosa de Lima,,,1,,Conflicto
Tamaulipas,Grupo Pantera,Los Escorpiones,,,,1,Conflicto
Michoacán,Grupo Reacción,Los Caballeros Templarios,,,,1,Conflicto
Michoacán,Grupo X,Cártel Jalisco Nueva Generación,,1,,1,Conflicto
,Grupo X-CJNG,La Nueva Familia Michoacana,1,,,,Conflicto
,Grupo X-CJNG,Los Correa,1,,,,Conflicto
,Guardia Guerrerense,Sangre Nueva Guerrerense,1,,,,Conflicto
,Guardia Michoacana,Cártel Jalisco Nueva Generación,1,,,,Conflicto
Guerrero,Guerrero Nueva Generación,Los Granados,,,7,,Conflicto
Guerrero,Guerrero Nueva Generación,Los Tlacos,,,,1,Conflicto
Morelos,Guerreros Unidos,Los Rojos,,4,,,Conflicto
,Hermanos Marcu,Banda de la Riviera Maya,1,,,,Conflicto
,Hermanos Pérez Juan,Banda de El Loco Téllez,1,,,,Conflicto
,La Bandera,Cártel Jalisco Nueva Generación,1,,,,Conflicto
,La Bandera,Los Peques,1,,,,Conflicto
,La Bandera,Los Tlacos,1,,,,Conflicto
,La Barredora,Banda del Dober,1,,,,Conflicto
,La Barredora,Los Cazadores,1,,,,Conflicto
,La Barredora,Los Salazar,1,,,,Conflicto
Guerrero,La Barredora,Cártel de Sinaloa (Los Zambada),,,,1,Conflicto
Tabasco,La Barredora,Cártel de Sinaloa,,,1,,Conflicto
Baja California Sur,La Empresa,Cártel de Sinaloa (Los Zambada),,,,1,Conflicto
Chihuahua,La Empresa,Los Artistas Asesinos,,,1,,Conflicto
Chihuahua,La Empresa,Los Nuevos Aztecas,,,1,,Conflicto
,La Fama 11,La Fantasma 18,1,,,,Conflicto
Guerrero,La Familia Michoacana,Cártel Jalisco Nueva Generación,,,,1,Conflicto
Jalisco,La Familia Michoacana,Cártel Jalisco Nueva Generación,,,,1,Conflicto
Jalisco,La Familia Michoacana,Los Caballeros Templarios,,,,1,Conflicto
México,La Familia Michoacana,Cártel Jalisco Nueva Generación,,,,1,Conflicto
Michoacán,La Familia Michoacana,Cártel Jalisco Nueva Generación,,,,2,Conflicto
Morelos,La Familia Michoacana,Cártel Jalisco Nueva Generación,,,,1,Conflicto
Morelos,La Familia Vara Dávila,Los Chuchas,,1,,,Conflicto
Morelos,La Familia Vara Dávila,Los Netos,,1,,,Conflicto
Morelos,La Familia Vara Dávila,Los Panales,,1,,,Conflicto
,La Fantasma 18,La Fama 11,1,,,,Conflicto
Baja California,La Gente de Aquiles,Cártel de Sinaloa (Los Guzmán),,,,1,Conflicto
Baja California,La Gente de Aquiles,Cártel Jalisco Nueva Generación,,,,1,Conflicto
,La Hermandad,Banda del Gigan,1,,,,Conflicto
Baja California,La Línea,Cártel de Sinaloa,,,1,,Conflicto
Chihuahua,La Línea,Cártel de Sinaloa,,22,1,11,Conflicto
Chihuahua,La Línea,Cártel de Sinaloa (Los Zambada),,,,2,Conflicto
Chihuahua,La Línea,Gente Nueva del Tigre,,,,1,Conflicto
Chihuahua,La Línea,Los Artistas Asesinos,,,1,1,Conflicto
Chihuahua,La Línea,Los Cabrera,,,,9,Conflicto
Chihuahua,La Línea,Los Salazar,,,,1,Conflicto
Chihuahua,La Línea,Nuevo Cártel de Juárez,,,,1,Conflicto
México,La Línea,Cártel de Sinaloa,,1,,,Conflicto
,La Mafia Mexicana,La Línea,1,,,,Conflicto
México,La Nueva Alianza,Cártel de Caborca,,,8,,Conflicto
México,La Nueva Alianza,Los Peluches,,,10,,Conflicto
,La Nueva Empresa,Cártel Jalisco Nueva Generación,1,,,,Conflicto
Guanajuato,La Nueva Familia Michoacana,Cártel Jalisco Nueva Generación,,,1,,Conflicto
Guerrero,La Nueva Familia Michoacana,Cártel del Sur,,,1,,Conflicto
Guerrero,La Nueva Familia Michoacana,Cártel Jalisco Nueva Generación,,,2,1,Conflicto
Guerrero,La Nueva Familia Michoacana,Doble B,,,1,,Conflicto
Guerrero,La Nueva Familia Michoacana,La Tecampanera,,,3,,Conflicto
Guerrero,La Nueva Familia Michoacana,Los Ardillos,,,2,,Conflicto
Guerrero,La Nueva Familia Michoacana,Los Jaliscos,,,1,,Conflicto
Guerrero,La Nueva Familia Michoacana,Los Tlacos,,,1,,Conflicto
México,La Nueva Familia Michoacana,Cártel Jalisco Nueva Generación,,34,,1,Conflicto
México,La Nueva Familia Michoacana,La Unión Tepito,,,,1,Conflicto
Michoacán,La Nueva Familia Michoacana,Los Correa,,,1,,Conflicto
Morelos,La Nueva Familia Michoacana,Los de Siempre,,,,2,Conflicto
Morelos,La Nueva Familia Michoacana,Los Linos,,,,3,Conflicto
Puebla,La Nueva Familia Michoacana,Los Negros,,1,,,Conflicto
Querétaro,La Nueva Familia Michoacana,Cártel Jalisco Nueva Generación,,,,1,Conflicto
San Luis Potosí,La Nueva Familia Michoacana,Cártel de los Alemanes,,1,,,Conflicto
,La Plaza,Los Costeños,1,,,,Conflicto
,La Plaza,Los Salazar,1,,,,Conflicto
,La Reserva del Más Loco,Cártel Jalisco Nueva Generación,1,,,,Conflicto
,La Ronda 88,La Unión Tepito,1,,,,Conflicto
,La Tecampanera,Guerreros Unidos,1,,,,Conflicto
Guerrero,La Tecampanera,La Nueva Familia Michoacana,,,4,,Conflicto
Guanajuato,La Unión León,Cártel Jalisco Nueva Generación,,,1,,Conflicto
Distrito Federal,La Unión Tepito,Fuerza Anti-Unión Tepito,,1,2,2,Conflicto
México,La Unión Tepito,La Nueva Familia Michoacana,,,,1,Conflicto
,Las Cabras,Cártel Jalisco Nueva Generación,1,,,,Conflicto
,Las Leches,Cártel Jalisco Nueva Generación,1,,,,Conflicto
Tamaulipas,Las Panteras,Los Ciclones,,,,3,Conflicto
Tamaulipas,Las Panteras,Los Escorpiones,,,,3,Conflicto
Tamaulipas,Las Panteras,Los Metros,,,,3,Conflicto
Tamaulipas,Las Panteras,Rojos (Tamaulipas),,,,3,Conflicto
,Las Vigilantes,Cártel Jalisco Nueva Generación,1,,,,Conflicto
,Los 28,Cártel de Sinaloa,1,,,,Conflicto
,Los Acapulco,Los Rojos,1,,,,Conflicto
,Los Álvarez,Cártel Jalisco Nueva Generación,1,,,,Conflicto
Baja California,Los Ántrax,Cártel de Sinaloa (Los Zambada),,,1,,Conflicto
Colima,Los Ántrax,Cártel de Sinaloa (Los Guzmán),,,,1,Conflicto
,Los Ardillos,Los Rusos (de Guerrero),1,,,,Conflicto
Guerrero,Los Ardillos,La Nueva Familia Michoacana,,,1,,Conflicto
Guerrero,Los Ardillos,Los Rusos,,,,2,Conflicto
,Los Arreola,Guardia Guerrerense,1,,,,Conflicto
,Los Artistas Asesinos,Fuerzas Especiales Mexicles,1,,,,Conflicto
Chihuahua,Los Artistas Asesinos,Cártel de Sinaloa (Los Zambada),,,,1,Conflicto
Chihuahua,Los Artistas Asesinos,La Empresa,,,1,,Conflicto
Chihuahua,Los Artistas Asesinos,La Línea,,1,1,1,Conflicto
Chihuahua,Los Artistas Asesinos,Los Mexicles,,,1,10,Conflicto
Chihuahua,Los Artistas Asesinos,Los Nuevos Aztecas,,,1,1,Conflicto
Baja California,Los Arzate,Cártel de Sinaloa (Los Guzmán),,,1,1,Conflicto
Baja California,Los Arzate,Cártel Jalisco Nueva Generación,,,,1,Conflicto
Baja California,Los Arzate,Los Chaparros,,,1,,Conflicto
Chiapas,Los Autónomos,Cártel de Sinaloa,,,,1,Conflicto
Distrito Federal,Los Balta,La Unión Tepito,,,,2,Conflicto
,Los Blancos de Troya,Cártel Jalisco Nueva Generación,1,,,,Conflicto
Michoacán,Los Blancos de Troya,Cártel de Tepalcatepec,,,7,,Conflicto
Michoacán,Los Blancos de Troya,Cártel Michoacán Nueva Generación,,,4,,Conflicto
Michoacán,Los Blancos de Troya,Los Caballeros Templarios,,,7,,Conflicto
,Los Bournes,Cártel de Sinaloa,1,,,,Conflicto
,Los Búfalos,Cártel Jalisco Nueva Generación,1,,,,Conflicto
Jalisco,Los Caballeros Templarios,Cártel Jalisco Nueva Generación,,,,1,Conflicto
Jalisco,Los Caballeros Templarios,La Familia Michoacana,,,,1,Conflicto
México,Los Caballeros Templarios,Cártel Jalisco Nueva Generación,,,,1,Conflicto
Michoacán,Los Caballeros Templarios,Cártel Michoacán Nueva Generación,,,5,1,Conflicto
Michoacán,Los Caballeros Templarios,Cárteles Unidos,,,1,,Conflicto
Michoacán,Los Caballeros Templarios,Migueladas,,2,3,,Conflicto
,Los Cabrera,Familia Núñez Meza,1,,,,Conflicto
,Los Cabrera,Los Mazatlecos,1,,,,Conflicto
Baja California Sur,Los Cabrera,Cártel de Sinaloa (Los Zambada),,,,2,Conflicto
Chihuahua,Los Cabrera,Cártel de Sinaloa (Los Guzmán),,,,4,Conflicto
Chihuahua,Los Cabrera,La Línea,,,,9,Conflicto
Chihuahua,Los Cabrera,Los Nuevos Aztecas,,,,1,Conflicto
Durango,Los Cabrera,Cártel de Sinaloa (Los Guzmán),,,,1,Conflicto
Durango,Los Cabrera,Cártel de Sinaloa (Los Zambada),,,,1,Conflicto
Sinaloa,Los Cabrera,Cártel de Sinaloa (Los Guzmán),,,,2,Conflicto
Zacatecas,Los Cabrera,Cártel de Sinaloa (Los Guzmán),,,1,1,Conflicto
,Los Cazadores,Cártel de Caborca,1,,,,Conflicto
,Los Cebús,Banda del Dober,1,,,,Conflicto
,Los Cebús,Los Pelones,1,,,,Conflicto
Chihuahua,Los Cheyenes,Los Reyes (de Chihuahua),,,,1,Conflicto
Sinaloa,Los Chimales,Cártel de Sinaloa (Los Zambada),,,1,,Conflicto
Veracruz,Los Chivos,Cártel de Sinaloa (Los Zambada),,,,1,Conflicto
Morelos,Los Chuchas,La Familia Vara Dávila,,2,,,Conflicto
Morelos,Los Chuchas,Los Netos,,2,,,Conflicto
Morelos,Los Chuchas,Los Panales,,2,,,Conflicto
Coahuila,Los Chuckys,Cártel de Sinaloa (Los Guzmán),,,,1,Conflicto
Coahuila,Los Chuckys,Cártel Jalisco Nueva Generación,,,,1,Conflicto
Nuevo León,Los Chuckys,Cártel de Sinaloa,,,1,,Conflicto
Nuevo León,Los Chuckys,Cártel de Sinaloa (Los Guzmán),,,,1,Conflicto
Nuevo León,Los Chuckys,Cártel Jalisco Nueva Generación,,,1,1,Conflicto
Tamaulipas,Los Chuckys,Cártel de Sinaloa (Los Guzmán),,,,1,Conflicto
Tamaulipas,Los Chuckys,Cártel Jalisco Nueva Generación,,,,1,Conflicto
Tamaulipas,Los Ciclones,Las Panteras,,,,3,Conflicto
Tamaulipas,Los Ciclones,Los Metros,,,3,3,Conflicto
Tamaulipas,Los Ciclones,Rojos (Tamaulipas),,,,3,Conflicto
,Los Cinco del Pueblo,Cárteles Unidos,1,,,,Conflicto
,Los Colombianos,Cártel Jalisco Nueva Generación,1,,,,Conflicto
,Los Colombianos,Guerreros Unidos,1,,,,Conflicto
Morelos,Los Colombianos,Cárteles Unidos,,1,,,Conflicto
Morelos,Los Colombianos,La Nueva Empresa,,1,,,Conflicto
,Los Compich,Banda del Cuervo,1,,,,Conflicto
,Los Compich,Los Pelones,1,,,,Conflicto
Quintana Roo,Los Compich,Los Osos,,3,,,Conflicto
,Los Coroneles,Cártel Jalisco Nueva Generación,1,,,,Conflicto
,Los Correa,Grupo X,1,,,,Conflicto
Michoacán,Los Correa,Cártel Jalisco Nueva Generación,,,1,,Conflicto
Michoacán,Los Correa,La Nueva Familia Michoacana,,,1,,Conflicto
Nuevo León,Los Costales,Cártel del Noreste,,,2,,Conflicto
,Los Costeños,Cártel de Caborca,1,,,,Conflicto
,Los Cuates,Los Ninis,1,,,,Conflicto
,Los Cuates,Los Salazar,1,,,,Conflicto
Distrito Federal,Los Cuervos,Los Canchola,,,1,,Conflicto
,Los Dámaso,Cártel de Sinaloa (Los Guzmán),1,,,,Conflicto
,Los Dámaso,Cártel Jalisco Nueva Generación,1,,,,Conflicto
,Los de Siempre,Cártel Jalisco Nueva Generación,1,,,,Conflicto
,Los de Siempre,Los Rojos,1,,,,Conflicto
Morelos,Los de Siempre,La Nueva Familia Michoacana,,,,5,Conflicto
,Los Deltas,Cártel de Santa Rosa de Lima,1,,,,Conflicto
,Los Deltas,Cártel de Sinaloa,1,,,,Conflicto
,Los Deltas,Cárteles Unidos,1,,,,Conflicto
Michoacán,Los Deltas,Cártel de Tepalcatepec,,,1,,Conflicto
,Los Deltas (Los Guzmán),Cártel de Caborca,1,,,,Conflicto
Sonora,Los Deltas (Los Guzmán),Cártel de Sinaloa (Los Guzmán),,,,1,Conflicto
,Los Demonios,Cártel de Caborca,1,,,,Conflicto
,Los Demonios,Los Cazadores,1,,,,Conflicto
Guanajuato,Los Escorpiones,Cártel Jalisco Nueva Generación,,1,,12,Conflicto
Nuevo León,Los Escorpiones,Los Arzate,,1,,,Conflicto
Nuevo León,Los Escorpiones,Los Metros,,1,,,Conflicto
Nuevo León,Los Escorpiones,Los Zetas Vieja Escuela,,1,,,Conflicto
Querétaro,Los Escorpiones,Cártel Jalisco Nueva Generación,,,,5,Conflicto
Tamaulipas,Los Escorpiones,Grupo Pantera,,,,1,Conflicto
Tamaulipas,Los Escorpiones,Las Panteras,,,,2,Conflicto
Tamaulipas,Los Escorpiones,Rojos (Tamaulipas),,,,2,Conflicto
,Los Escudero,Los Mercenarios,1,,,,Conflicto
Sonora,Los Fantasmas,Mata Salas,,,,1,Conflicto
Distrito Federal,Los Fortis de la Unión Tepito,La Unión Tepito,,1,,,Conflicto
,Los Fortiz,La Unión Tepito,1,,,,Conflicto
Baja California,Los Garibay,Cártel Jalisco Nueva Generación,,7,,,Conflicto
Baja California,Los Garibay,Los Rusos,,1,,,Conflicto
Sonora,Los Gigios,Cártel de Sinaloa (Los Guzmán),,,,1,Conflicto
,Los Gloria,Cártel de Sinaloa,1,,,,Conflicto
,Los Gloria,Cártel Jalisco Nueva Generación,1,,,,Conflicto
Tabasco,Los Gopes,Cártel Jalisco Nueva Generación,,,,4,Conflicto
Guerrero,Los Granados,Guerrero Nueva Generación,,,2,,Conflicto
,Los Güeros,Los Oaxacos,1,,,,Conflicto
Distrito Federal,Los Güeros,Los Gastones,,3,,,Conflicto
Distrito Federal,Los Güeros,Los Rodolfos,,3,,,Conflicto
Distrito Federal,Los Guerrero 4,La Unión Tepito,,,3,,Conflicto
,Los Guerreros,Cárteles Unidos,1,,,,Conflicto
,Los Guerreros,La Nueva Familia Michoacana,1,,,,Conflicto
,Los H,Cártel de Sinaloa,1,,,,Conflicto
Hidalgo,Los Hades,Cártel de Sinaloa,,,1,,Conflicto
,Los Herederos del Diablo,Banda de El Monterrey,1,,,,Conflicto
Chiapas,Los Herrera,Cártel de Sinaloa,,,,1,Conflicto
,Los Huistas,El Maíz,1,,,,Conflicto
Chiapas,Los Huistas,Cártel Chiapas y Guatemala,,,1,,Conflicto
Chiapas,Los Huistas,Los Motonetos,,,1,,Conflicto
Chiapas,Los Huistas,Mara Salvatrucha,,,1,,Conflicto
,Los Jacobos,Los Sierreños,1,,,,Conflicto
Chihuahua,Los Jaguares,La Línea,,1,,,Conflicto
Chihuahua,Los Jaguares,Nuevo Cártel de Juárez,,1,,,Conflicto
,Los Jaibos,Los Ciclones,1,,,,Conflicto
,Los Jaibos,Los Metros,1,,,,Conflicto
Guerrero,Los Jaliscos,Cártel del Sur,,,1,,Conflicto
Guerrero,Los Jaliscos,La Nueva Familia Michoacana,,,1,,Conflicto
Guerrero,Los Jaliscos,Los Ardillos,,,1,,Conflicto
Guerrero,Los Jaliscos,Los Tlacos,,,,1,Conflicto
,Los Linces,Los Jaguares,1,,,,Conflicto
,Los Linces,Los Paredes,1,,,,Conflicto
Chihuahua,Los Linces,Cártel de Sinaloa,,,,1,Conflicto
,Los Linos,Los Colombianos,1,,,,Conflicto
Distrito Federal,Los Maceros,Cártel de Tláhuac,,,4,,Conflicto
Distrito Federal,Los Maceros,Los Gastones,,,4,,Conflicto
Distrito Federal,Los Maceros,Los Rodolfos,,,4,,Conflicto
,Los Maestrín,Los Canchola,1,,,,Conflicto
,Los Maldonado,Cártel Jalisco Nueva Generación,1,,,,Conflicto
Sinaloa,Los Mazatlecos,Cártel de Sinaloa (Los Guzmán),,,,5,Conflicto
Sinaloa,Los Mazatlecos,Grupo del Guano,,,,1,Conflicto
,Los Mazos,La Nueva Familia Michoacana,1,,,,Conflicto
,Los Memos,La Unión Tepito,1,,,,Conflicto
Durango,Los Memos (de Sonora y Durango),Cártel de Sinaloa,,,,1,Conflicto
Sonora,Los Memos (de Sonora y Durango),Cártel de Sinaloa,,,,1,Conflicto
Sonora,Los Memos (de Sonora y Durango),Cártel de Sinaloa (Los Zambada),,,,1,Conflicto
,Los Mercenarios,Cártel de Ensenada,1,,,,Conflicto
Coahuila,Los Metros,Cártel del Noreste,,1,,,Conflicto
Nuevo León,Los Metros,Cártel de Sinaloa,,1,,,Conflicto
Nuevo León,Los Metros,Cártel del Noreste,,2,,,Conflicto
Nuevo León,Los Metros,Cártel Jalisco Nueva Generación,,1,,,Conflicto
Nuevo León,Los Metros,Los Arzate,,1,,,Conflicto
Nuevo León,Los Metros,Los Escorpiones,,1,,,Conflicto
Nuevo León,Los Metros,Los Rodos NCI,,1,,,Conflicto
Nuevo León,Los Metros,Los Zetas Vieja Escuela,,1,,,Conflicto
Tamaulipas,Los Metros,Cártel de Sinaloa (Los Zambada),,,,1,Conflicto
Tamaulipas,Los Metros,Cártel del Noreste,,,,7,Conflicto
Tamaulipas,Los Metros,Las Panteras,,,,1,Conflicto
Tamaulipas,Los Metros,Los Ciclones,,,6,2,Conflicto
Tamaulipas,Los Metros,Los Escorpiones,,9,10,3,Conflicto
Tamaulipas,Los Metros,Rojos (Tamaulipas),,,,1,Conflicto
Chihuahua,Los Mexicanos,Gente Nueva,,1,,,Conflicto
,Los Mexicles,Fuerzas Especiales Mexicles,1,,,,Conflicto
Chihuahua,Los Mexicles,Los Artistas Asesinos,,,1,10,Conflicto
Chihuahua,Los Mexicles,Los Nuevos Aztecas,,,1,,Conflicto
Colima,Los Mezcales,Cártel Jalisco Nueva Generación,,1,,,Conflicto
,Los Molina,Los Rodolfos,1,,,,Conflicto
,Los Motonetos,Cártel de San Juan Chamula,1,,,,Conflicto
Chiapas,Los Motonetos,Cártel Chiapas y Guatemala,,,1,,Conflicto
Chiapas,Los Motonetos,Cártel de Sinaloa,,,1,,Conflicto
Chiapas,Los Motonetos,Cártel Jalisco Nueva Generación,,,1,,Conflicto
Chiapas,Los Motonetos,Los Huistas,,,1,,Conflicto
Chiapas,Los Motonetos,Mara Salvatrucha,,,1,,Conflicto
Morelos,Los Netos,La Familia Vara Dávila,,1,,,Conflicto
Morelos,Los Netos,Los Chuchas,,1,,,Conflicto
Morelos,Los Netos,Los Panales,,1,,,Conflicto
,Los Nieblas Ramírez,Los Páez,1,,,,Conflicto
,Los Nieblas Ramírez,Los Salazar,1,,,,Conflicto
Baja California,Los Ninis,Los Rusos,,1,,,Conflicto
Sinaloa,Los Ninis,Cártel de Sinaloa (Los Zambada),,,,1,Conflicto
Chihuahua,Los Nuevos Aztecas,La Empresa,,,1,,Conflicto
Chihuahua,Los Nuevos Aztecas,Los Artistas Asesinos,,,1,1,Conflicto
Chihuahua,Los Nuevos Aztecas,Los Cabrera,,,,1,Conflicto
Chihuahua,Los Nuevos Aztecas,Los Mexicles,,,1,,Conflicto
,Los Oaxacos,Los Güeros,1,,,,Conflicto
Quintana Roo,Los Osos,Los Compich,,3,,,Conflicto
,Los Padrinos,Los Epitacio,1,,,,Conflicto
,Los Páez,Los Cazadores,1,,,,Conflicto
,Los Páez,Los Costeños,1,,,,Conflicto
,Los Páez,Los Deltas (Los Guzmán),1,,,,Conflicto
,Los Páez,Los Salazar,1,,,,Conflicto
Morelos,Los Panales,La Familia Vara Dávila,,1,,,Conflicto
Morelos,Los Panales,Los Chuchas,,1,,,Conflicto
Morelos,Los Panales,Los Netos,,1,,,Conflicto
Sonora,Los Paredes,Cártel de Sinaloa (Los Guzmán),,,,1,Conflicto
Baja California,Los Pelones,Los Rusos,,,1,,Conflicto
Quintana Roo,Los Pelones,Cártel Jalisco Nueva Generación,,2,,,Conflicto
Sonora,Los Pelones,Los Rusos,,,1,1,Conflicto
Sonora,Los Pelones,Los Salazar,,,,1,Conflicto
,Los Peluches,La Nueva Alianza,1,,,,Conflicto
,Los Peques,Cártel del Sur,1,,,,Conflicto
,Los Peques,La Bandera,1,,,,Conflicto
Baja California,Los Pía,Cártel Jalisco Nueva Generación,,7,,,Conflicto
,Los Pilotos,Cártel de Sinaloa,1,,,,Conflicto
,Los Pilotos,Cártel Jalisco Nueva Generación,1,,,,Conflicto
,Los Piña,Cártel de Oaxaca,1,,,,Conflicto
,Los Piña,Cártel de Sinaloa,1,,,,Conflicto
,Los Piña,Fuerzas Especiales Grupo Sombra,1,,,,Conflicto
,Los Pulido,Cártel Jalisco Nueva Generación,1,,,,Conflicto
Baja California,Los R4,Cártel Jalisco Nueva Generación,,1,,,Conflicto
,Los Ratones,Cártel de San Juan Chamula,1,,,,Conflicto
,Los Reyes,Los Salazar,1,,,,Conflicto
Distrito Federal,Los Rodolfos,La Unión Tepito,,,3,,Conflicto
México,Los Rodolfos,Los Molina,,4,,,Conflicto
Nuevo León,Los Rodos,Cártel del Noreste,,5,,,Conflicto
Nuevo León,Los Rodos NCI,Cártel del Noreste,,1,,,Conflicto
Nuevo León,Los Rodos NCI,Los Metros,,1,,,Conflicto
Guerrero,Los Rodríguez,Los Granados,,,4,,Conflicto
,Los Rojos,Los Metros,1,,,,Conflicto
Morelos,Los Rojos,Cártel Jalisco Nueva Generación,,1,,,Conflicto
Morelos,Los Rojos,Guerreros Unidos,,2,,,Conflicto
,Los RR,Cártel de Santa Rosa de Lima,1,,,,Conflicto
,Los RR,Cártel de Sinaloa,1,,,,Conflicto
,Los RR,Cárteles Unidos,1,,,,Conflicto
Sinaloa,Los Rugrats,Cártel de Sinaloa (Los Guzmán),,,,1,Conflicto
Baja California,Los Rusos,Cártel de Sinaloa (Los Guzmán),,5,2,5,Conflicto
Baja California,Los Rusos,Cártel del Mar,,,,1,Conflicto
Baja California,Los Rusos,Los Pelones,,,1,,Conflicto
Guerrero,Los Rusos,Cártel Independiente de Acapulco,,,2,1,Conflicto
Guerrero,Los Rusos,Los Ardillos,,,,1,Conflicto
Guerrero,Los Rusos,Mata Salas,,,,1,Conflicto
Sinaloa,Los Rusos,Los Ninis,,1,,,Conflicto
Sonora,Los Rusos,Cártel de Caborca,,,1,,Conflicto
Sonora,Los Rusos,Cártel de Sinaloa (Los Guzmán),,,1,3,Conflicto
Sonora,Los Rusos,Los Pelones,,,1,,Conflicto
,Los Rusos (de Guerrero),Cártel Independiente de Acapulco,1,,,,Conflicto
,Los Rusos (de Guerrero),Los Ardillos,1,,,,Conflicto
,Los Salazar,Los Salgueiro,1,,,,Conflicto
Baja California,Los Salazar,Los Rusos,,7,,,Conflicto
Chihuahua,Los Salazar,La Línea,,,,1,Conflicto
Sonora,Los Salazar,Los Deltas,,,,1,Conflicto
Sonora,Los Salazar,Los Pelones,,,,1,Conflicto
Sonora,Los Salazar,Los Rusos,,,,1,Conflicto
Sonora,Los Salazar,Mata Salas,,,,4,Conflicto
,Los Salgueiro,Los Salazar,1,,,,Conflicto
Chihuahua,Los Salgueiro,Nuevo Cártel de Juárez,,1,,,Conflicto
,Los Scorpion,Los Mazatlecos,1,,,,Conflicto
,Los Sierreños,Los Jacobos,1,,,,Conflicto
,Los Sinaloas,Fuerza Anti-Unión Tepito,1,,,,Conflicto
Guanajuato,Los Talibanes,Cártel Jalisco Nueva Generación,,,,1,Conflicto
Sinaloa,Los Tamales,Cártel de Sinaloa (Los Guzmán),,,,1,Conflicto
,Los Tena,Los Pulido,1,,,,Conflicto
Michoacán,Los Tena,Cártel Jalisco Nueva Generación,,,,1,Conflicto
,Los Tercios,Cártel de Sinaloa,1,,,,Conflicto
,Los Tercios,Cártel Jalisco Nueva Generación,1,,,,Conflicto
,Los Tercios,Gente Nueva,1,,,,Conflicto
Hidalgo,Los Tinajero,Los Cenobios,,1,,,Conflicto
,Los Tlacos,Gente Nueva,1,,,,Conflicto
,Los Tlacos,La Bandera,1,,,,Conflicto
Guerrero,Los Tlacos,Guerrero Nueva Generación,,,,1,Conflicto
Guerrero,Los Tlacos,La Nueva Familia Michoacana,,,,3,Conflicto
Sonora,Los Valenzuela,Cártel de Sinaloa (Los Guzmán),,,,1,Conflicto
,Los Venados,Cártel de Los Arellano Félix,1,,,,Conflicto
,Los Venados,Cártel Jalisco Nueva Generación,1,,,,Conflicto
Baja California,Los Venados,Cártel de Sinaloa (Los Guzmán),,,,1,Conflicto
Baja California Sur,Los Venados,Cártel de Sinaloa (Los Guzmán),,,,1,Conflicto
Guanajuato,Los Viagra,Cártel Jalisco Nueva Generación,,,1,,Conflicto
Guerrero,Los Viagra,Cártel Jalisco Nueva Generación,,,1,,Conflicto
México,Los Viagra,Cárteles Unidos,,,,1,Conflicto
México,Los Viagra,La Nueva Familia Michoacana,,,,1,Conflicto
Michoacán,Los Viagra,Cártel de Tepalcatepec,,,7,,Conflicto
Michoacán,Los Viagra,Cártel de Zucuirán,,,1,,Conflicto
Michoacán,Los Viagra,Cárteles Unidos,,,1,1,Conflicto
Michoacán,Los Viagra,La Nueva Familia Michoacana,,,,1,Conflicto
Michoacán,Los Viagra,Los Caballeros Templarios,,7,6,,Conflicto
,Los Viejos Aztecas,Los Artistas Asesinos,1,,,,Conflicto
,Los Viejos Aztecas,Los Mexicles,1,,,,Conflicto
Chihuahua,Los Viejos Aztecas,Cártel de Sinaloa,,1,,,Conflicto
,Los Villegas,Banda de El Loco Téllez,1,,,,Conflicto
,Los Zamarripa,Cártel Jalisco Nueva Generación,1,,,,Conflicto
Chiapas,Los Zetas Vieja Escuela,Cártel de Los Beltrán Leyva,,,4,,Conflicto
Chiapas,Los Zetas Vieja Escuela,Cártel de San Juan Chamula,,,4,,Conflicto
Chiapas,Los Zetas Vieja Escuela,Cártel de Sinaloa,,,4,,Conflicto
Chiapas,Los Zetas Vieja Escuela,Cártel Jalisco Nueva Generación,,,4,,Conflicto
Chiapas,Los Zetas Vieja Escuela,Mara Salvatrucha,,,4,,Conflicto
Coahuila,Los Zetas Vieja Escuela,Cártel del Golfo,,,1,,Conflicto
Colima,Los Zetas Vieja Escuela,Cártel de Sinaloa,,1,2,,Conflicto
Colima,Los Zetas Vieja Escuela,Cártel Jalisco Nueva Generación,,1,2,,Conflicto
Nuevo León,Los Zetas Vieja Escuela,Cártel de los Alemanes,,1,,,Conflicto
Nuevo León,Los Zetas Vieja Escuela,Cártel del Noreste,,1,,,Conflicto
Nuevo León,Los Zetas Vieja Escuela,Cártel Jalisco Nueva Generación,,1,,,Conflicto
Nuevo León,Los Zetas Vieja Escuela,Los Arzate,,1,,,Conflicto
Nuevo León,Los Zetas Vieja Escuela,Los Escorpiones,,1,,,Conflicto
Nuevo León,Los Zetas Vieja Escuela,Los Metros,,1,,,Conflicto
Oaxaca,Los Zetas Vieja Escuela,Cártel del Noreste,,1,,,Conflicto
Oaxaca,Los Zetas Vieja Escuela,Cártel Independiente de Acapulco,,1,,,Conflicto
Tabasco,Los Zetas Vieja Escuela,Cártel Jalisco Nueva Generación,,1,,,Conflicto
Tamaulipas,Los Zetas Vieja Escuela,Cártel de Sinaloa,,,1,,Conflicto
Tamaulipas,Los Zetas Vieja Escuela,Cártel del Golfo,,,1,,Conflicto
Tamaulipas,Los Zetas Vieja Escuela,Cártel del Noreste,,,1,,Conflicto
Tamaulipas,Los Zetas Vieja Escuela,Cártel Jalisco Nueva Generación,,,1,,Conflicto
,Los Zorros,Cártel de Sinaloa (Los Guzmán),1,,,,Conflicto
,Los Zorros,Cártel Jalisco Nueva Generación,1,,,,Conflicto
Baja California,Los Zorros,Cártel de Los Arellano Félix,,1,,,Conflicto
,Los Zuki,Cártel Jalisco Nueva Generación,1,,,,Conflicto
,Maceros,Banda del Caracol,1,,,,Conflicto
Distrito Federal,Machete de la Chapiza,Cártel de Sinaloa,,5,,,Conflicto
,El Maíz,Cártel de Sinaloa,1,,,,Conflicto
,El Maíz,Los Huistas,1,,,,Conflicto
Chiapas,Mara Salvatrucha,Cártel Chiapas y Guatemala,,,1,,Conflicto
Chiapas,Mara Salvatrucha,Cártel de Sinaloa,,,1,,Conflicto
Chiapas,Mara Salvatrucha,Cártel Jalisco Nueva Generación,,,1,,Conflicto
Chiapas,Mara Salvatrucha,Los Huistas,,,1,,Conflicto
Chiapas,Mara Salvatrucha,Los Motonetos,,,1,,Conflicto
Sonora,Mata Salas,Los Salazar,,,1,8,Conflicto
Michoacán,Migueladas,Los Caballeros Templarios,,2,,,Conflicto
,NCJ 727,Gente Nueva,1,,,,Conflicto
,NCJ 727,Los Salgueiro,1,,,,Conflicto
Chihuahua,Nuevo Cártel de Juárez,Cártel de Sinaloa,,5,4,,Conflicto
,Nuevo Cártel del Tigre,Los Bournes,1,,,,Conflicto
,Nuevo Cártel del Tigre,Los H,1,,,,Conflicto
Chihuahua,Nuevo Cártel del Tigre,Cártel de Sinaloa (Los Guzmán),,,,10,Conflicto
Chihuahua,Nuevo Cártel del Tigre,La Línea,,,,1,Conflicto
,Organización criminal de la familia Meza Flores,Cártel de Sinaloa,1,,,,Conflicto
,Organización de Don Pilo,Cártel Jalisco Nueva Generación,1,,,,Conflicto
,Organización del Compa Playa,Cártel Jalisco Nueva Generación,1,,,,Conflicto
,Organización del Compa Playa,Los Piña,1,,,,Conflicto
Michoacán,Pájaro Sierra,Cártel Jalisco Nueva Generación,,,1,,Conflicto
,Policía Comunal de Aquila,Cártel Jalisco Nueva Generación,1,,,,Conflicto
,Por un Michoacán Libre,Cártel Jalisco Nueva Generación,1,,,,Conflicto
,PPM,Fuerzas Especiales Mexicles,1,,,,Conflicto
,Pueblos Unidos Contra la Delincuencia,Cártel Jalisco Nueva Generación,1,,,,Conflicto
,Pueblos Unidos Contra la Delincuencia,Los Piña,1,,,,Conflicto
Tamaulipas,Rojos (Tamaulipas),Las Panteras,,,,3,Conflicto
Tamaulipas,Rojos (Tamaulipas),Los Ciclones,,,,3,Conflicto
Tamaulipas,Rojos (Tamaulipas),Los Escorpiones,,,,3,Conflicto
Tamaulipas,Rojos (Tamaulipas),Los Metros,,3,,3,Conflicto
,Sangre Brava Morelense,Cártel Jalisco Nueva Generación,1,,,,Conflicto
,Sangre Brava Morelense,Guerreros Unidos,1,,,,Conflicto
,Sangre Nueva Guerrerense,Guerreros Unidos,1,,,,Conflicto
,Sindicato Libertad,La Unión Tepito,1,,,,Conflicto
,Spetsnaz,Cártel Jalisco Nueva Generación,1,,,,Conflicto
,Triple Alianza,Fuerzas Especiales Mexicles,1,,,,Conflicto
Tamaulipas,Tropa del Infierno,Cártel de Sinaloa (Los Zambada),,,1,,Conflicto
Tamaulipas,Tropa del Infierno,Cártel Jalisco Nueva Generación,,,1,,Conflicto
Morelos,Unión Morelense,La Nueva Familia Michoacana,,,,5,Conflicto
,Vieja Guardia,Cártel Jalisco Nueva Generación,1,,,,Conflicto
Baja California,Cártel de Los Arellano Félix,Cártel de Sinaloa (Los Guzmán),,,1,3,Conflicto
Baja California,Cártel de Los Arellano Félix,Cártel Jalisco Nueva Generación,,5,1,3,Conflicto
Baja California,Cártel de Sinaloa (Los Guzmán),Cártel Jalisco Nueva Generación,,,,4,Conflicto
Michoacán,Cártel de Tepalcatepec,Cártel Jalisco Nueva Generación,,,5,2,Conflicto
Michoacán,Cártel de Tepalcatepec,Los Caballeros Templarios,,,3,,Conflicto
Michoacán,Cártel de Tepalcatepec,Los Viagra,,,5,,Conflicto
Baja California,Cártel Jalisco Nueva Generación,Cártel de Los Arellano Félix,,1,1,2,Conflicto
Michoacán,Cárteles Unidos,Los Viagra,,,1,1,Conflicto
Distrito Federal,El Tren de Aragua,La Unión Tepito,,,,7,Conflicto
Tabasco,La Barredora,Cártel Jalisco Nueva Generación,,,7,1,Conflicto
Michoacán,La Nueva Familia Michoacana,Cártel Jalisco Nueva Generación,,2,1,6,Conflicto
Guerrero,Los Ardillos,Los Tlacos,,,,8,Conflicto
Michoacán,Los Caballeros Templarios,Cártel Jalisco Nueva Generación,,6,2,3,Conflicto
Michoacán,Los Caballeros Templarios,Los Viagra,,7,1,1,Conflicto
Tamaulipas,Los Escorpiones,Los Ciclones,,,3,2,Conflicto
Tamaulipas,Los Escorpiones,Los Metros,,12,7,4,Conflicto
Sonora,Los Pelones,Los Deltas,,,,1,Conflicto
Sonora,Los Salazar,Cártel de Sinaloa (Los Guzmán),,,1,3,Conflicto
Distrito Federal,Los Tanzanios,La Unión Tepito,,2,,,Conflicto
Guerrero,Los Tlacos,Guerreros Unidos,,,,3,Conflicto
Guerrero,Los Tlacos,Los Ardillos,,,1,5,Conflicto