member.role,member.firstname,member.lastname1,member.lastname2,member.start_date,member.end_date
Legislador,Heriberto Marcelo,Aguilar,Castillo,2024-08-29,2027-08-31
Legislador,José Antonio,Cruz Álvarez,Lima,2024-08-29,2027-08-31
Legislador,Ricardo,Anaya,Cortés,2024-08-29,2027-08-31
Legislador,Alberto,Anaya,Gutiérrez,2024-08-29,2027-08-31
Legislador,Claudia Edith,Anaya,Mota,2024-08-29,2027-08-31
Legislador,Pablo Guillermo,Angulo,Briceño,2024-08-29,2027-08-31
Legislador,Manuel,Añorve,Baños,2024-08-29,2027-08-31
Legislador,Alejandra Berenice,Arias,Trevilla,2024-08-29,2027-08-31
Legislador,Reyna Celeste,Ascencio,Ortega,2024-08-29,2027-08-31
Legislador,Anabell,Ávalos,Zempoalteca,2024-08-29,2027-08-31
Legislador,Armando,Ayala,Robles,2024-08-29,2027-08-31
Legislador,Geovanna del Carmen,Bañuelos,de la Torre,2024-08-29,2027-08-31
Legislador,María Alejandra,Barrales,Magdaleno,2024-08-29,2027-08-31
Legislador,Francisco Daniel,Barreda,Pavón ,2024-08-29,2027-08-31
Legislador,Raquel,Bonilla,Herrera ,2024-11-26,2027-08-31
Legislador,Jasmine María,Bugarín,Rodríguez,2024-08-29,2027-08-31
Legislador,Néstor,Camarillo,Medina,2024-08-29,2027-08-31
Legislador,Verónica Noemí,Camino,Farjat,2024-08-29,2027-08-31
Legislador,Gina Gerardina,Campuzano,González,2024-08-29,2027-08-31
Legislador,Óscar,Cantón,Zetina,2024-08-29,2027-08-31
Legislador,José Clemente,Castañeda,Hoeﬂich,2024-08-29,2027-08-31
Legislador,Laura Itzel,Castillo,Juárez,2024-08-29,2027-08-31
Legislador,Karen,Castrejón,Trujillo,2024-10-08,2027-08-31
Legislador,Imelda,Castro,Castro,2024-08-29,2027-08-31
Legislador,Alfonso,Cepeda,Salas,2024-08-29,2027-08-31
Legislador,Andrea,Chávez,Treviño,2024-08-29,2027-08-31
Legislador,María Guadalupe,Chavira,De La Rosa,2024-10-08,2027-08-31
Legislador,Francisco,Chíguil,Figueroa ,2024-10-08,2027-08-31
Legislador,Luis Donaldo,Colosio,Riojas,2024-08-29,2027-08-31
Legislador,María del Rocío,Corona,Nakamura,2024-08-29,2027-08-31
Legislador,Javier,Corral,Jurado,2024-08-29,2027-08-31
Legislador,Luisa,Cortés,García,2024-08-29,2027-08-31
Legislador,Marko Antonio,Cortés,Mendoza,2024-08-29,2027-08-31
Legislador,José Manuel,Cruz,Castellanos,2024-08-29,2027-08-31
Legislador,Homero,Davis,Castro,2024-08-29,2027-08-31
Legislador,Dora Luz,De León,Villard Sasil ,2024-08-29,2027-08-31
Legislador,Blanca Judith,Díaz,Delgado,2024-08-29,2027-08-31
Legislador,María de Jesús,Díaz,Marmolejo,2024-08-29,2027-08-31
Legislador,Verónica del Carmen,Díaz,Robles,2024-08-29,2027-08-31
Legislador,Agustín,Dorantes,Lámbarri,2024-08-29,2027-08-31
Legislador,Rosario Alejandro,Esquer,Verdugo,2024-08-29,2027-08-31
Legislador,Laura,Esquivel,Torres,2024-08-29,2027-08-31
Legislador,Laura,Estrada,Mauro,2024-08-29,2027-08-31
Legislador,Sandra Luz,Falcón,Venegas,2025-02-18,2027-08-31
Legislador,Waldo,Fernández,González,2024-08-29,2027-08-31
Legislador,José Gerardo Rodolfo,Fernández,Noroña,2024-08-29,2027-08-31
Legislador,Amalia Dolores,García,Medina,2024-08-29,2027-08-31
Legislador,Ángel,García,Yáñez,2024-08-29,2027-08-31
Legislador,José Ramón,Gómez,Leal,2024-08-29,2027-08-31
Legislador,Alma Anahí,González,Hernández,2024-08-29,2027-08-31
Legislador,Karen Michel,González,Márquez,2024-08-29,2027-08-31
Legislador,Ruth Miriam,González,Silva,2024-08-29,2027-08-31
Legislador,Alejandro,González,Yáñez,2024-08-29,2027-08-31
Legislador,Cecilia Guadalupe,Guadiana,Mandujano,2024-08-29,2027-08-31
Legislador,Juanita,Guerra,Mena,2024-08-29,2027-08-31
Legislador,Mariela,Gutiérrez,Escalante,2024-08-29,2027-08-31
Legislador,Susana,Harp,Iturribarría,2024-08-29,2027-08-31
Legislador,Ana Karen,Hernández,Aceves,2024-08-29,2027-08-31
Legislador,Gilberto,Hernández,Villafuerte,2024-08-29,2027-08-31
Legislador,José Sabino,Herrera,Dagdug,2024-08-29,2027-08-31
Legislador,Manuel Rafael,Huerta,Ladrón de Guevara,2024-08-29,2027-08-31
Legislador,Enrique,Inzunza,Cázarez,2024-08-29,2027-08-31
Legislador,Erik Iván,Jaimes,Archundia,2025-06-25,2027-08-31
Legislador,Miguel Pavel,Jarero,Velázquez,2024-08-29,2027-08-31
Legislador,María Martina,Kantún,Can,2024-08-29,2027-08-31
Legislador,Juan Carlos,Loera,De La Rosa,2024-08-29,2027-08-31
Legislador,Carlos,Lomelí,Bolaños,2024-08-29,2027-08-31
Legislador,Cynthia Iliana,López,Castro,2024-08-29,2027-08-31
Legislador,Adán Augusto,López,Hernández,2024-08-29,2027-08-31
Legislador,Edith,López,Hernández,2024-08-29,2027-08-31
Legislador,Virginia Marie,Magaña,Fonseca,2024-08-29,2027-08-31
Legislador,Miguel,Márquez,Márquez,2024-08-29,2027-08-31
Legislador,Juan Antonio,Martín del Campo,Martín del Campo,2024-08-29,2027-08-31
Legislador,Mayuli Latifa,Martínez,Simón,2024-08-29,2027-08-31
Legislador,Luis Armando,Melgar,Bravo,2024-08-29,2027-08-31
Legislador,Virgilio,Mendoza,Amezcua,2024-08-29,2027-08-31
Legislador,Víctor Aureliano,Mercado,Salgado,2024-08-29,2027-08-31
Legislador,Martha Lucía,Micher,Camarena,2024-08-29,2027-08-31
Legislador,Moisés Ignacio,Mier,Velazco,2024-08-29,2027-08-31
Legislador,Beatriz,Mojica,Morga,2024-08-29,2027-08-31
Legislador,Saúl,Monreal,Ávila,2024-08-29,2027-08-31
Legislador,Antonino,Morales,Toledo,2024-08-29,2027-08-31
Legislador,Rafael Alejandro,Moreno,Cárdenas,2024-08-29,2027-08-31
Legislador,Raúl,Morón,Orozco,2024-08-29,2027-08-31
Legislador,Alejandro Ismael,Murat,Hinojosa,2024-08-29,2027-08-31
Legislador,María Guadalupe,Murguía,Gutiérrez,2024-08-29,2027-08-31
Legislador,Cuauhtémoc,Ochoa,Fernández,2024-08-29,2027-08-31
Legislador,Sandra Simey,Olvera,Bautista,2024-08-29,2027-08-31
Legislador,Maki Esther,Ortiz,Domínguez,2024-08-29,2027-08-31
Legislador,Aníbal,Ostoa,Ortega,2024-08-29,2027-08-31
Legislador,Yeidckol,Polevnsky,Gurwitz,2024-08-29,2027-08-31
Legislador,Francisco Javier,Ramírez,Acuña,2024-08-29,2027-08-31
Legislador,Jorge Carlos,Ramírez,Marín,2024-08-29,2027-08-31
Legislador,Julieta Andrea,Ramírez,Padilla,2024-08-29,2027-08-31
Legislador,Emmanuel,Reyes,Carmona,2024-09-05,2027-08-31
Legislador,Ivideliza,Reyes,Hernández,2024-08-29,2027-08-31
Legislador,Miguel Ángel,Riquelme,Solís,2024-08-29,2027-08-31
Legislador,Ana Lilia,Rivera,Rivera,2024-08-29,2027-08-31
Legislador,Beatriz Silvia,Robles,Gutiérrez,2024-08-29,2027-08-31
Legislador,Verónica,Rodríguez,Hernández,2024-08-29,2027-08-31
Legislador,Mely,Romero,Celis,2024-08-29,2027-08-31
Legislador,Karina Isabel,Ruiz,Ruiz,2024-08-29,2027-08-31
Legislador,Cristina,Ruíz,Sandoval,2024-08-29,2027-08-31
Legislador,Nora,Ruvalcaba,Gámez,2024-08-29,2027-08-31
Legislador,Luis Fernando,Salazar,Fernández,2024-08-29,2027-08-31
Legislador,José Félix,Salgado,Macedonio,2024-08-29,2027-08-31
Legislador,Lizeth,Sánchez,García,2024-08-29,2027-08-31
Legislador,Paloma,Sánchez,Ramos,2024-08-29,2027-08-31
Legislador,Gustavo,Sánchez,Vásquez,2024-08-29,2027-08-31
Legislador,Imelda Margarita,Sanmiguel,Sánchez,2024-08-29,2027-08-31
Legislador,Araceli,Saucedo,Reyes,2024-08-29,2027-08-31
Legislador,Eugenio,Segura,Vázquez,2024-08-29,2027-08-31
Legislador,Francisco Ricardo,Shefﬁeld,Padilla,2024-08-29,2027-08-31
Legislador,Luis Alfonso,Silva,Romo,2024-08-29,2027-08-31
Legislador,Olga Patricia,Sosa,Ruíz,2024-08-29,2027-08-31
Legislador,María Lilly del Carmen,Téllez,García,2024-08-29,2027-08-31
Legislador,Karla Guadalupe,Toledo,Zamora,2024-08-29,2027-08-31
Legislador,Jesús Lucía,Trasviña,Waldenrath,2024-08-29,2027-08-31
Legislador,Lilia Margarita,Valdez,Martínez,2024-08-29,2027-08-31
Legislador,Lorenia Iveth,Valles,Sampedro,2024-08-29,2027-08-31
Legislador,Enrique,Vargas,del Villar,2024-08-29,2027-08-31
Legislador,Mario Humberto,Vázquez,Robles,2024-08-29,2027-08-31
Legislador,Manuel,Velasco,Coello,2024-08-29,2027-08-31
Legislador,Alma Carolina,Viggiano,Austria,2024-08-29,2027-08-31
Legislador,Mauricio,Vila,Dosal,2024-11-20,2027-08-31
Legislador,Miguel Ángel,Yunes,Márquez,2024-08-29,2027-08-31
Legislador,Rolando Rodrigo,Zapata,Bello,2024-08-29,2027-08-31
Legislador,Susana del Carmen,Zataraín,García,2024-08-29,2027-08-31
Legislador,Rocío Adriana,Abreu,Artiñano,2021-08-29,2024-08-31
Legislador,Carlos Humberto,Aceves del,Olmo,2021-08-29,2024-08-31
Legislador,José Antonio,Aguilar,Castillejos,2024-02-01,2024-08-31
Legislador,José Antonio Cruz,Álvarez,Lima,2021-08-29,2024-08-31
Legislador,Emilio,Álvarez Icaza,Longoria,2021-08-29,2024-08-31
Legislador,Claudia Edith,Anaya,Mota,2021-08-29,2024-08-31
Legislador,Manuel,Añorve,Baños,2021-08-29,2024-08-31
Legislador,Cristóbal,Arias,Solís,2021-08-29,2024-08-31
Legislador,Elizabeth,ÁvilaVázquez,Katya,2021-08-29,2024-08-31
Legislador,Eruviel,Ávila,Villegas,2021-08-29,2024-08-31
Legislador,Claudia Esther,Balderas,Espinoza,2021-08-29,2024-08-31
Legislador,Geovanna del Carmen,Bañuelos,de la Torre,2021-08-29,2024-08-31
Legislador,Sylvana,Beltrones,Sánchez,2021-08-29,2024-08-31
Legislador,Gabriela,Benavides,Cobos,2021-08-29,2024-08-31
Legislador,José Erandi,Bermúdez,Méndez,2021-08-29,2024-08-31
Legislador,Raúl,Bolaños Cacho,Cué,2021-08-29,2024-08-31
Legislador,Jaime,Bonilla,Valdez,2021-09-01,2024-08-31
Legislador,José Alfredo,Botello,Montes,2021-08-29,2024-08-31
Legislador,Arturo,Bours,Griffith,2021-08-29,2024-08-31
Legislador,Verónica Noemí,Camino,Farjat,2021-08-29,2024-08-31
Legislador,Bertha Alicia,Caraveo,Camarena,2021-08-29,2024-08-31
Legislador,María Antonia,Cárdenas,Mariscal,2021-08-29,2024-08-31
Legislador,José Clemente,Castañeda,Hoeflich,2021-08-29,2024-08-31
Legislador,Noé Fernando,Castañón,Ramírez,2021-08-29,2024-08-31
Legislador,Imelda,Castro,Castro,2021-08-29,2024-08-31
Legislador,María Guadalupe,Covarrubias,Cervantes,2021-08-29,2024-08-31
Legislador,César Arnulfo,Cravioto,Romero,2021-08-29,2024-08-31
Legislador,Gina Andrea,Cruz,Blackledge,2021-08-29,2024-08-31
Legislador,Nancy,De la Sierra,Arámburo,2021-08-29,2024-08-31
Legislador,Dora Luz,De León,Villard Sasil,2021-08-29,2024-08-31
Legislador,Dante Alfonso,Delgado,Rannauro,2021-08-29,2024-08-31
Legislador,Primo,Dothé,Mata,2023-06-16,2024-08-31
Legislador,Raúl de Jesús,Elenes,Angulo,2021-08-29,2024-08-31
Legislador,Jesús,Encinas,Meneses,2024-03-01,2024-08-31
Legislador,José Ramón,Enríquez,Herrera,2021-08-29,2024-08-31
Legislador,Rafael,Espino De la,Peña,2021-09-10,2024-08-31
Legislador,Mónica,Fernández,Balboa,2021-08-29,2024-08-31
Legislador,Reyes,Flores,Hurtado,2023-02-08,2024-08-31
Legislador,Juan Manuel,Fócil,Pérez,2021-08-29,2024-08-31
Legislador,Víctor Oswaldo,Fuentes,Solís,2021-08-29,2024-08-31
Legislador,María Graciela,Gaitán,Díaz,2021-08-29,2024-08-31
Legislador,Eva Eugenia,Galaz,Caletti,2021-08-29,2024-08-31
Legislador,Bertha Xóchitl,Gálvez,Ruiz,2021-08-29,2024-08-31
Legislador,Marco Antonio,Gama,Basarte,2021-09-01,2024-08-31
Legislador,Ismael,García,Cabeza de Vaca,2021-08-29,2024-08-31
Legislador,Antonio,García,Conejo,2021-08-29,2024-08-31
Legislador,Gabriel,García,Hernández,2021-08-29,2024-08-31
Legislador,Ángel,García,Yáñez,2021-08-29,2024-08-31
Legislador,Adolfo,Gómez,Hernández,2021-12-16,2024-08-31
Legislador,Napoleón,Gómez,Urrutia,2021-08-29,2024-08-31
Legislador,María Merced,González,González,2021-08-29,2024-08-31
Legislador,Alejandro,González,Yáñez,2021-08-29,2024-08-31
Legislador,Martha,Guerrero,Sánchez,2021-08-29,2024-08-31
Legislador,Daniel,Gutiérrez,Castorena,2021-08-29,2024-08-31
Legislador,Susana,Harp,Iturribarría,2021-08-29,2024-08-31
Legislador,Minerva Citlalli,Hernández,Mora,2022-04-18,2024-08-31
Legislador,Minerva,Hernández,Ramos,2021-08-29,2024-08-31
Legislador,Gilberto,Herrera,Ruiz,2021-08-29,2024-08-31
Legislador,Omar,Holguín,Franco,2024-02-01,2024-08-31
Legislador,Rosa Elena,Jiménez,Arteaga,2022-01-24,2024-08-31
Legislador,Indira,Kempis,Martínez,2021-08-29,2024-08-31
Legislador,Alejandra,Lagunes,Soto Ruíz,2021-08-29,2024-08-31
Legislador,Alejandra del Carmen,León,Gastélum,2021-08-29,2024-08-31
Legislador,Indira Paola,López,Carreto,2024-02-20,2024-08-31
Legislador,Ruth Alejandra,López,Hernández,2023-11-22,2024-08-31
Legislador,Kenia,López,Rabadán,2021-08-29,2024-08-31
Legislador,María Soledad,Luévano,Cantú,2021-08-29,2024-08-31
Legislador,Gustavo Enrique,Madero,Muñoz,2021-08-29,2024-08-31
Legislador,Miguel Ángel,Mancera,Espinosa,2021-08-29,2024-08-31
Legislador,Martha Cecilia,Márquez,Alvarado,2021-08-29,2024-08-31
Legislador,Juan Antonio,Martín del Campo, Martín del Campo,2021-08-29,2024-08-31
Legislador,Germán,Martínez,Cázares,2021-08-29,2024-08-31
Legislador,Verónica,Martínez,García,2021-08-29,2024-08-31
Legislador,Higinio,Martínez,Miranda,2021-08-29,2024-08-31
Legislador,Mayuli Latifa,Martínez,Simón,2021-08-29,2024-08-31
Legislador,Ifigenia Martha,Martínez,y Hernández,2021-08-29,2024-08-31
Legislador,Nuvia Magdalena,Mayorga,Delgado,2021-08-29,2024-08-31
Legislador,Casimiro,Méndez,Ortiz,2021-08-29,2024-08-31
Legislador,Patricia,Mercado,Castro,2021-08-29,2024-08-31
Legislador,Lucía Virginia,Meza,Guzmán,2021-08-29,2024-08-31
Legislador,Martha Lucía,Micher,Camarena,2021-08-29,2024-08-31
Legislador,Ricardo,Monreal,Ávila,2021-08-29,2024-08-31
Legislador,Elvia Marcela,Mora,Arellano,2021-08-29,2024-08-31
Legislador,Roberto Juan,Moya,Clemente,2021-08-29,2024-08-31
Legislador,José,Narro,Céspedes,2021-08-29,2024-08-31
Legislador,Nadia,Navarro,Acevedo,2021-08-29,2024-08-31
Legislador,Gloria Elizabeth,Núñez,Sánchez,2021-08-29,2024-08-31
Legislador,Luis David,Ortíz,Salinas,2021-08-29,2024-08-31
Legislador,Miguel Ángel,Osorio,Chong,2021-08-29,2024-08-31
Legislador,Aníbal,Ostoa,Ortega,2023-10-01,2024-08-31
Legislador,Joel,Padilla,Peña,2021-08-29,2024-08-31
Legislador,Beatriz Elena,Paredes,Rangel,2021-08-29,2024-08-31
Legislador,Raúl,Paz,Alonzo,2021-08-29,2024-08-31
Legislador,José Luis,Pech,Várguez,2021-08-29,2024-08-31
Legislador,Ovidio Salvador,Peralta,Suárez,2021-08-29,2024-08-31
Legislador,Ernesto,Pérez,Astorga,2021-08-29,2024-08-31
Legislador,Sergio,Pérez,Flores,2021-08-29,2024-08-31
Legislador,Blanca Estela,Piña,Gudiño,2021-08-29,2024-08-31
Legislador,Cora Cecilia,Pinedo,Alonso,2021-08-29,2024-08-31
Legislador,Jorge Carlos,Ramírez,Marín,2021-08-29,2024-08-31
Legislador,Julen,Rementería,Del Puerto,2021-08-29,2024-08-31
Legislador,Noemí Alejandra,Reynoso,Sánchez,2021-08-29,2024-08-31
Legislador,Ana Lilia,Rivera,Rivera,2021-08-29,2024-08-31
Legislador,Estrella,Rojas,Loreto,2021-09-13,2024-08-31
Legislador,Navor Alberto,Rojas,Mancera,2022-02-15,2024-08-31
Legislador,Eunice Renata,Romo,Molina,2021-08-29,2024-08-31
Legislador,Indira de Jesús,Rosales,San Román,2021-08-29,2024-08-31
Legislador,Claudia,Ruiz Massieu,Salinas,2021-08-29,2024-08-31
Legislador,María Guadalupe,Saldaña,Cisneros,2021-08-29,2024-08-31
Legislador,Nestora,Salgado,García,2021-08-29,2024-08-31
Legislador,José Félix,Salgado,Macedonio,2021-08-29,2024-08-31
Legislador,Nancy Guadalupe,Sánchez,Arredondo,2021-08-29,2024-08-31
Legislador,Cecilia Margarita,Sánchez,García,2021-08-29,2024-08-31
Legislador,Gloria,Sánchez,Hernández,2021-08-29,2024-08-31
Legislador,Olga María del Carmen,Sánchez Cordero,Dávila,2021-08-29,2024-08-31
Legislador,María Lilly del Carmen,Téllez,García,2021-08-29,2024-08-31
Legislador,Jesús Lucía,Trasviña,Waldenrath,2021-08-29,2024-08-31
Legislador,Lilia Margarita,Valdez,Martínez,2021-08-29,2024-08-31
Legislador,Gricelda,Valencia,de la Mora,2021-08-29,2024-08-31
Legislador,Antares Guadalupe,Vázquez,Alatorre,2021-08-29,2024-08-31
Legislador,Josefina Eugenia,Vázquez,Mota,2021-08-29,2024-08-31
Legislador,Manuel,Velasco,Coello,2021-08-29,2024-08-31
Legislador,Ricardo,Velázquez,Meza,2021-08-29,2024-08-31
Legislador,Freyda Marybel,Villegas,Canché,2021-08-29,2024-08-31
Legislador,Mario,Zamora,Gastélum,2021-08-29,2024-08-31
Legislador,Rogelio Israel,Zamora,Guzmán,2021-08-29,2024-08-31
Legislador,Juan Manuel,Zepeda,Hernández,2021-08-29,2024-08-31
Legislador,Damián,Zepeda,Vidales,2021-08-29,2024-08-31
Legislador,Rocío Adriana,Abreu,Artiñano,2018-08-29,2021-08-31
Legislador,Humberto,Aceves del Olmo,Carlos,2018-08-29,2021-08-31
Legislador,José Antonio Cruz,Álvarez,Lima,2018-08-29,2021-08-31
Legislador,Longoria Emilio,Álvarez,Icaza,2018-08-29,2021-08-31
Legislador,Claudia Edith,Anaya,Mota,2018-08-29,2021-08-31
Legislador,Manuel,Añorve,Baños,2018-08-29,2021-08-31
Legislador,Cristóbal,Arias,Solís,2018-08-29,2021-08-31
Legislador,Alejandro,Armenta,Mier,2018-08-29,2021-08-31
Legislador,Katya Elizabeth,Ávila,Vázquez,2018-08-29,2021-08-31
Legislador,Eruviel,Ávila,Villegas,2018-08-29,2021-08-31
Legislador,Claudia Esther,Balderas,Espinoza,2018-08-29,2021-08-31
Legislador,Geovanna del Carmen,Bañuelos,de la Torre,2018-08-29,2021-08-31
Legislador,Sylvana,Beltrones,Sánchez,2018-08-29,2021-08-31
Legislador,Gabriela,Benavides,Cobos,2018-08-29,2021-08-31
Legislador,José Erandi,Bermúdez,Méndez,2018-08-29,2021-08-31
Legislador,Raúl,Bolaños Cacho,Cué,2018-08-29,2021-08-31
Legislador,José Alfredo,Botello,Montes,2021-02-01,2021-08-31
Legislador,Arturo,Bours,Griffith,2018-11-08,2021-08-31
Legislador,Verónica Noemí,Camino,Farjat,2018-08-29,2021-08-31
Legislador,Bertha Alicia,Caraveo,Camarena,2018-08-29,2021-08-31
Legislador,María Antonia,Cárdenas,Mariscal,2018-08-29,2021-08-31
Legislador,José Clemente,Castañeda,Hoeflich,2018-08-29,2021-08-31
Legislador,Noé Fernando,Castañón,Ramírez,2018-10-30,2021-08-31
Legislador,Imelda,Castro,Castro,2018-08-29,2021-08-31
Legislador,Eli César Eduardo,Cervantes,Rojas,2021-05-12,2021-08-31
Legislador,María Guadalupe,Covarrubias,Cervantes,2018-08-29,2021-08-31
Legislador,César Arnulfo,Cravioto,Romero,2021-07-16,2021-08-31
Legislador,Gina Andrea,Cruz,Blackledge,2018-08-29,2021-08-31
Legislador,Nancy,de la Sierra,Arámburo,2018-08-29,2021-08-31
Legislador,Dora Luz,De León,Villard Sasil,2018-08-29,2021-08-31
Legislador,Verónica,Delgadillo,García,2018-08-29,2021-08-31
Legislador,Dante Alfonso,Delgado,Rannauro,2018-08-29,2021-08-31
Legislador,Raúl de Jesús,Elenes,Angulo,2021-03-09,2021-08-31
Legislador,José Ramón,Enríquez,Herrera,2018-08-29,2021-08-31
Legislador,Mónica,Fernández,Balboa,2018-08-29,2021-08-31
Legislador,Juan Manuel,Fócil,Pérez,2018-08-29,2021-08-31
Legislador,Víctor Oswaldo,Fuentes,Solís,2018-08-29,2021-08-31
Legislador,María Graciela,Gaitán,Díaz,2021-03-10,2021-08-31
Legislador,Eva Eugenia,Galaz,Caletti,2018-08-29,2021-08-31
Legislador,Bertha Xóchitl,Gálvez,Ruiz,2018-08-29,2021-08-31
Legislador,Ismael,García,Cabeza de Vaca,2018-08-29,2021-08-31
Legislador,Antonio,García,Conejo,2018-08-29,2021-08-31
Legislador,Gabriel,García,Hernández,2018-08-29,2021-08-31
Legislador,Ángel,García,Yáñez,2018-08-29,2021-08-31
Legislador,Napoleón,Gómez,Urrutia,2018-08-29,2021-08-31
Legislador,María Merced,González,González,2019-01-02,2021-08-31
Legislador,Alejandro,González,Yáñez,2018-08-29,2021-08-31
Legislador,Santana Armando,Guadiana,Tijerina,2018-08-29,2021-08-31
Legislador,Martha,Guerrero,Sánchez,2018-12-04,2021-08-31
Legislador,Daniel,Gutiérrez,Castorena,2018-08-29,2021-08-31
Legislador,Susana,Harp,Iturribarría,2018-08-29,2021-08-31
Legislador,Minerva,Hernández,Ramos,2018-08-29,2021-08-31
Legislador,Gilberto,Herrera,Ruiz,2018-08-29,2021-08-31
Legislador,Salomón,Jara,Cruz,2018-08-29,2021-08-31
Legislador,Indira,Kempis,Martínez,2018-08-29,2021-08-31
Legislador,Alejandra,Lagunes,Soto Ruíz,2018-08-29,2021-08-31
Legislador,Alejandra del Carmen,León,Gastélum,2018-08-29,2021-08-31
Legislador,Kenia,López,Rabadán,2018-08-29,2021-08-31
Legislador,María Soledad,Luévano,Cantú,2018-08-29,2021-08-31
Legislador,Gustavo Enrique,Madero,Muñoz,2018-08-29,2021-08-31
Legislador,Miguel Ángel,Mancera,Espinosa,2018-08-29,2021-08-31
Legislador,Martha Cecilia,Márquez,Alvarado,2018-08-29,2021-08-31
Legislador,Juan Antonio,Martín del Campo,Martín del Campo,2018-08-29,2021-08-31
Legislador,Germán,Martínez,Cázares,2018-08-29,2021-08-31
Legislador,Verónica,Martínez,García,2018-08-29,2021-08-31
Legislador,Higinio,Martínez,Miranda,2018-08-29,2021-08-31
Legislador,Mayuli Latifa,Martínez,Simón,2018-08-29,2021-08-31
Legislador,Ifigenia Martha,Martínez,y Hernández,2018-08-29,2021-08-31
Legislador,Nuvia Magdalena,Mayorga,Delgado,2018-08-29,2021-08-31
Legislador,Julio Ramón,Menchaca,Salazar,2018-08-29,2021-08-31
Legislador,Casimiro,Méndez,Ortiz,2018-08-29,2021-08-31
Legislador,Patricia,Mercado,Castro,2018-08-29,2021-08-31
Legislador,Lucía Virginia,Meza,Guzmán,2018-08-29,2021-08-31
Legislador,Martha Lucía,Micher,Camarena,2018-08-29,2021-08-31
Legislador,Ricardo,Monreal,Ávila,2018-08-29,2021-08-31
Legislador,Elvia Marcela,Mora,Arellano,2018-08-29,2021-08-31
Legislador,Roberto Juan,Moya,Clemente,2019-01-02,2021-08-31
Legislador,María Guadalupe,Murguía,Gutiérrez,2018-08-29,2021-08-31
Legislador,José,Narro,Céspedes,2018-08-29,2021-08-31
Legislador,Nadia,Navarro,Acevedo,2018-08-29,2021-08-31
Legislador,Gerardo,Novelo,Osuna,2018-12-06,2021-08-31
Legislador,Gloria Elizabeth,Núñez,Sánchez,2018-08-29,2021-08-31
Legislador,Luis David,Ortíz,Salinas,2020-11-19,2021-08-31
Legislador,Miguel Ángel,Osorio,Chong,2018-08-29,2021-08-31
Legislador,Aníbal,Ostoa,Ortega,2018-08-29,2021-08-31
Legislador,Joel,Padilla,Peña,2018-08-29,2021-08-31
Legislador,Beatriz Elena,Paredes,Rangel,2018-08-29,2021-08-31
Legislador,Raúl,Paz,Alonzo,2018-08-29,2021-08-31
Legislador,José Luis,Pech,Várguez,2018-08-29,2021-08-31
Legislador,Ovidio Salvador,Peralta,Suárez,2018-12-04,2021-08-31
Legislador,Ernesto,Pérez,Astorga,2019-05-29,2021-08-31
Legislador,Cruz,Pérez,Cuellar,2018-08-29,2021-08-31
Legislador,Sergio,Pérez,Flores,2021-03-02,2021-08-31
Legislador,Blanca Estela,Piña,Gudiño,2018-08-29,2021-08-31
Legislador,Cora Cecilia,Pinedo,Alonso,2018-08-29,2021-08-31
Legislador,Óscar Eduardo,Ramírez,Aguilar,2018-08-29,2021-08-31
Legislador,Jorge Carlos,Ramírez,Marín,2018-08-29,2021-08-31
Legislador,Julen,Rementería,Del Puerto,2018-08-29,2021-08-31
Legislador,Alejandra Noemí,Reynoso,Sánchez,2018-08-29,2021-08-31
Legislador,Ana Lilia,Rivera,Rivera,2018-08-29,2021-08-31
Legislador,Eunice Renata,Romo,Molina,2018-08-29,2021-08-31
Legislador,Indira de Jesús,Rosales ,San Román,2018-08-29,2021-08-31
Legislador,Claudia,Ruiz Massieu,Salinas,2018-08-29,2021-08-31
Legislador,Francisco Javier,Salazar,Sáenz,2020-10-20,2021-08-31
Legislador,María Guadalupe,Saldaña,Cisneros,2018-08-29,2021-08-31
Legislador,Nestora,Salgado,García,2018-08-29,2021-08-31
Legislador,José Félix,Salgado,Macedonio,2018-08-29,2021-08-31
Legislador,Nancy Guadalupe,Sánchez,Arredondo,2020-07-28,2021-08-31
Legislador,Cecilia Margarita,Sánchez,García,2018-08-29,2021-08-31
Legislador,Gloria,Sánchez,Hernández,2018-11-29,2021-08-31
Legislador,María Celeste,Sánchez,Sugía,2020-10-14,2021-08-31
Legislador,Olga María del Carmen,Sánchez Cordero,Dávila,2018-08-29,2021-08-31
Legislador,María Lilly del Carmen,Téllez,García,2018-08-29,2021-08-31
Legislador,Jesús Lucía,Trasviña,Waldenrath,2018-08-29,2021-08-31
Legislador,Lilia Margarita,Valdez,Martínez,2018-08-29,2021-08-31
Legislador,Gricelda,Valencia,de la Mora,2018-08-29,2021-08-31
Legislador,Enrique,Vasconcelos y Cruz,Héctor,2018-08-29,2021-08-31
Legislador,Antares Guadalupe,Vázquez,Alatorre,2018-08-29,2021-08-31
Legislador,Josefina Eugenia,Vázquez,Mota,2018-08-29,2021-08-31
Legislador,Manuel,Velasco,Coello,2018-08-29,2021-08-31
Legislador,Ricardo,Velázquez,Meza,2018-12-04,2021-08-31
Legislador,Américo,Villarreal,Anaya,2018-08-29,2021-08-31
Legislador,Freyda Marybel,Villegas,Canché,2018-08-29,2021-08-31
Legislador,Mario,Zamora,Gastélum,2018-08-29,2021-08-31
Legislador,Rogelio Israel,Zamora,Guzmán,2018-08-29,2021-08-31
Legislador,Juan Manuel,Zepeda,Hernández,2018-08-29,2021-08-31
Legislador,Damián,Zepeda,Vidales,2018-08-29,2021-08-31
Legislador,Anabel,Acosta,Islas,2015-09-01,2018-08-31
Legislador,Esteban,Albarrán,Mendoza,2016-10-13,2018-08-31
Legislador,Ivonne Liliana,Álvarez,García,2015-09-01,2018-08-31
Legislador,Daniel,Amador,Gaxiola,2015-09-01,2018-08-31
Legislador,Angélica del Rosario,Araujo,Lara,2015-09-01,2018-08-31
Legislador,Jorge,Aréchiga,Ávila,2015-09-01,2018-08-31
Legislador,Daniel Gabriel,Ávila,Ruiz,2015-09-01,2018-08-31
Legislador,Joel,Ayala,Almeida,2015-09-01,2018-08-31
Legislador,María Elena,Barrera,Tapia,2015-09-01,2018-08-31
Legislador,Ricardo,Barroso,Agramont,2015-09-01,2018-08-31
Legislador,Manuel,Bartlett,Díaz,2015-09-01,2018-08-31
Legislador,Luz María,Beristain,Navarrete,2015-09-01,2018-08-31
Legislador,Marlon,Berlanga,Sánchez,2018-02-08,2018-08-31
Legislador,Marco Antonio,Blásquez,Salinas ,2015-09-01,2018-08-31
Legislador,Enrique,Burgos,García,2015-09-01,2018-08-31
Legislador,Francisco de Paula,Búrquez,Valenzuela,2015-09-01,2018-08-31
Legislador,Luis María de Guadalupe,Calderón,Hinojosa,2015-09-01,2018-08-31
Legislador,Manuel,Cárdenas,Fonseca,2016-04-05,2018-08-31
Legislador,Jesús,Casillas,Romero,2015-09-01,2018-08-31
Legislador,Manuel,Cavazos,Lerma,2015-09-01,2018-08-31
Legislador,Miguel Ángel,Chico,Herrera,2015-09-01,2018-08-31
Legislador,Ernesto Javier,Cordero,Arroyo,2015-09-01,2018-08-31
Legislador,Manuel Humberto,Cota,Jiménez,2015-09-01,2018-08-31
Legislador,Lorena,Cuéllar,Cisneros,2015-09-01,2018-08-31
Legislador,Gabriela,Cuevas,Barrón,2015-09-01,2018-08-31
Legislador,Adriana,Dávila,Fernández,2015-09-01,2018-08-31
Legislador,Angélica,de la Peña,Gómez,2015-09-01,2018-08-31
Legislador,Yolanda,de la Torre,Valdez,2016-02-02,2018-08-31
Legislador,Mario Martín,Delgado,Carrillo,2015-09-01,2018-08-31
Legislador,Fidel,Demédicis,Hidalgo,2015-09-01,2018-08-31
Legislador,Rosa Adriana,Díaz,Lizama,2015-09-01,2018-08-31
Legislador,Carmen,Dorantes,Martínez,2016-03-08,2018-08-31
Legislador,Alejandro de Jesús,Encinas,Rodríguez,2015-09-01,2018-08-31
Legislador,Froilán,Esquinca,Cano,2018-04-17,2018-08-31
Legislador,Luis Humberto,Fernández,Fuentes,2015-09-01,2018-08-31
Legislador,Juan Alejandro,Fernández,Sánchez Navarro,2015-09-01,2018-08-31
Legislador,Héctor David,Flores,Ávalos,2015-12-15,2018-08-31
Legislador,Hilda Esthela,Flores,Escalera,2015-09-01,2018-08-31
Legislador,Juan Gerardo,Flores,Ramírez,2015-09-01,2018-08-31
Legislador,Margarita,Flores,Sánchez,2015-09-01,2018-08-31
Legislador,Anastacia Guadalupe,Flores,Valdez,2018-03-21,2018-08-31
Legislador,Emilio Antonio,Gamboa,Patrón,2015-09-01,2018-08-31
Legislador,Ernesto,Gándara,Camou,2015-09-01,2018-08-31
Legislador,Andrea,García,García,2016-02-11,2018-08-31
Legislador,Martha Elena,García,Gómez,2015-09-01,2018-08-31
Legislador,Sandra Luz,García,Guajardo,2016-02-04,2018-08-31
Legislador,Silvia Guadalupe,Garza,Galván,2015-09-01,2018-08-31
Legislador,Diva Hadamira,Gastélum,Bajo,2015-09-01,2018-08-31
Legislador,Mariana,Gómez del Campo,Gurza,2015-09-01,2018-08-31
Legislador,Félix Arturo,González,Canto,2015-09-01,2018-08-31
Legislador,Isaías,González,Cuevas,2015-09-01,2018-08-31
Legislador,Raúl,Gracia,Guzmán,2015-09-01,2018-08-31
Legislador,Marcela,Guerra,Castillo,2015-09-01,2018-08-31
Legislador,Ana Gabriela,Guevara,Espinoza,2015-09-01,2018-08-31
Legislador,María del Rosario,Guzmán,Avilés,2017-02-28,2018-08-31
Legislador,Víctor,Hermosillo,y Celada,2015-09-01,2018-08-31
Legislador,Ismael Alfredo,Hernández,Deras,2015-09-01,2018-08-31
Legislador,Lisbeth,Hernández,Lecona,2015-09-01,2018-08-31
Legislador,Ana Lilia,Herrera,Anzaldo,2015-09-01,2018-08-31
Legislador,Fernando,Herrera,Ávila,2015-09-01,2018-08-31
Legislador,Aarón,Irízar,López,2015-09-01,2018-08-31
Legislador,María del Carmen,Izaguirre,Francos,2016-02-25,2018-08-31
Legislador,Héctor,Larios,Córdova,2015-09-01,2018-08-31
Legislador,Jorge Luis,Lavalle,Maury,2015-09-01,2018-08-31
Legislador,Adriana,Loaiza,Garzón,2018-02-20,2018-08-31
Legislador,Francisco Salvador,López,Brito,2015-09-01,2018-08-31
Legislador,Javier,Lozano,Alarcón,2015-09-01,2018-08-31
Legislador,Miguel Enrique,Lucía,Espejo,2018-02-07,2018-08-31
Legislador,Sylvia Leticia,Martínez,Elizondo,2016-02-23,2018-08-31
Legislador,María Verónica,Martínez,Espinoza,2015-09-01,2018-08-31
Legislador,Patricio,Martínez,García,2015-09-01,2018-08-31
Legislador,José María,Martínez,Martínez,2015-09-01,2018-08-31
Legislador,Fernando Enrique,Mayans,Canabal,2015-09-01,2018-08-31
Legislador,Humberto Domingo,Mayans,Canabal,2015-09-01,2018-08-31
Legislador,Tereso,Medina,Ramírez,2015-09-24,2018-08-31
Legislador,Luis Armando,Melgar,Bravo,2015-09-01,2018-08-31
Legislador,Sonia,Mendoza,Díaz,2015-09-01,2018-08-31
Legislador,Iris Vianey,Mendoza,Mendoza,2015-09-01,2018-08-31
Legislador,Carlos Manuel,Merino,Campos,2015-10-13,2018-08-31
Legislador,Lilia Guadalupe,Merodio,Reza,2015-09-01,2018-08-31
Legislador,David,Monreal,Ávila,2015-09-01,2018-08-31
Legislador,Raúl,Morón,Orozco,2015-09-01,2018-08-31
Legislador,Armando,Neyra,Chávez,2015-09-01,2018-08-31
Legislador,José Marco Antonio,Olvera,Acevedo,2016-02-02,2018-08-31
Legislador,José Ascención,Orihuela,Bárcenas,2015-09-04,2018-08-31
Legislador,María del Pilar,Ortega,Martínez,2015-09-01,2018-08-31
Legislador,Graciela,Ortiz,González,2015-09-01,2018-08-31
Legislador,María de los Dolores,Padierna,Luna,2015-09-01,2018-08-31
Legislador,Martha,Palafox,Gutiérrez,2015-09-01,2018-08-31
Legislador,Isidro,Pedraza,Chávez,2015-09-01,2018-08-31
Legislador,César Octavio,Pedroza,Gaitán,2015-09-01,2018-08-31
Legislador,María del Rocío,Pineda,Gochi,2015-09-01,2018-08-31
Legislador,Raúl Aarón,Pozos,Lanz,2015-09-01,2018-08-31
Legislador,Jorge Luis,Preciado,Rodríguez,2015-09-01,2018-08-31
Legislador,Jesús,Priego,Calva,2016-02-09,2018-08-31
Legislador,Carlos Alberto,Puente,Salas,2015-09-01,2018-08-31
Legislador,Socorro Sofío,Ramírez,Hernández,2015-09-01,2018-08-31
Legislador,Ainara,Rementería,Coello,2018-02-07,2018-08-31
Legislador,Itzel Sarahí,Ríos,de la Mora,2015-09-01,2018-08-31
Legislador,Armando,Ríos,Piter,2015-09-01,2018-08-31
Legislador,Ángel Benjamín,Robles,Montoya,2015-09-01,2018-08-31
Legislador,Sonia,Rocha,Acosta,2015-09-01,2018-08-31
Legislador,Laura Angélica,Rojas,Hernández,2015-09-01,2018-08-31
Legislador,Mely,Romero,Celis,2015-09-01,2018-08-31
Legislador,Carlos Antonio,Romero,Deschamps,2015-09-01,2018-08-31
Legislador,Juan Carlos,Romero,Hicks,2015-09-01,2018-08-31
Legislador,Adolfo,Romero,Lainas,2015-09-01,2018-08-31
Legislador,Miguel,Romo,Medina,2015-09-01,2018-08-31
Legislador,Ernesto,Ruffo,Appel,2015-09-01,2018-08-31
Legislador,Luis Fernando,Salazar,Fernández,2015-09-01,2018-08-31
Legislador,María Lucero,Saldaña,Pérez,2015-09-01,2018-08-31
Legislador,Víctor,Salinas,Balam,2015-09-01,2018-08-31
Legislador,Ninfa Clara,Salinas,Sada,2015-09-01,2018-08-31
Legislador,Gerardo,Sánchez,García,2015-09-01,2018-08-31
Legislador,Venancio Luis,Sánchez,Jiménez,2015-09-01,2018-08-31
Legislador,Layda Elena,Sansores,San Román,2015-09-01,2018-08-31
Legislador,José de Jesús,Santana,García,2016-02-04,2018-08-31
Legislador,Martha Angélica,Tagle,Martínez,2015-09-01,2018-08-31
Legislador,José María,Tapia,Franco,2017-10-17,2018-08-31
Legislador,María Esther,Terán,Velázquez,2018-04-04,2018-08-31
Legislador,Jorge,Toledo,Luis,2015-12-10,2018-08-31
Legislador,Teófilo,Torres,Corzo,2015-09-01,2018-08-31
Legislador,Fernando,Torres,Graciano,2015-09-01,2018-08-31
Legislador,María Marcela,Torres,Peimbert,2015-09-01,2018-08-31
Legislador,Ricardo,Urzúa,Rivera,2015-09-01,2018-08-31
Legislador,Salvador,Vega,Casillas,2015-09-01,2018-08-31
Legislador,Héctor,Yunes,Landa,2015-09-01,2018-08-31
Legislador,Rubén Antonio,Zuarth,Esquinca,2018-02-07,2018-08-31
Legislador,Anabel,Acosta,Islas,2015-02-03,2015-08-31
Legislador,José Rosas,Aispuro,Torres,2012-08-29,2015-08-31
Legislador,Roberto Armando,Albores,Gleason,2012-08-29,2015-08-31
Legislador,Blanca María del Socorro,Alcalá,Ruiz,2012-08-29,2015-08-31
Legislador,Ivonne Liliana,Álvarez,García,2012-08-29,2015-08-31
Legislador,Daniel,Amador,Gaxiola,2012-08-29,2015-08-31
Legislador,Angélica del Rosario,Araujo,Lara,2012-08-29,2015-08-31
Legislador,Jorge,Aréchiga,Ávila,2015-02-03,2015-08-31
Legislador,Mónica Tzasna,Arriola,Gordillo,2012-08-29,2015-08-31
Legislador,Daniel Gabriel,Ávila,Ruiz,2012-08-29,2015-08-31
Legislador,Joel,Ayala,Almeida,2012-08-29,2015-08-31
Legislador,Luis Miguel Gerónimo,Barbosa,Huerta,2012-08-29,2015-08-31
Legislador,María Elena,Barrera,Tapia,2012-08-29,2015-08-31
Legislador,Ricardo,Barroso,Agramont,2012-08-29,2015-08-31
Legislador,Manuel,Bartlett,Díaz,2012-08-29,2015-08-31
Legislador,Luz María,Beristain,Navarrete,2012-08-29,2015-08-31
Legislador,Marco Antonio,Blásquez,Salinas,2012-08-29,2015-08-31
Legislador,Enrique,Burgos,García,2012-08-29,2015-08-31
Legislador,Francisco de Paula,Búrquez,Valenzuela,2012-08-29,2015-08-31
Legislador,Luisa María de Guadalupe,Calderón,Hinojosa,2012-08-29,2015-08-31
Legislador,Jesús,Casillas,Romero,2012-08-29,2015-08-31
Legislador,Manuel,Cavazos,Lerma,2012-08-29,2015-08-31
Legislador,Miguel Ángel,Chico,Herrera,2012-08-29,2015-08-31
Legislador,Ernesto Javier,Cordero,Arroyo,2012-08-29,2015-08-31
Legislador,Javier,Corral,Jurado,2012-08-29,2015-08-31
Legislador,Manuel Humberto,Cota,Jiménez,2012-08-29,2015-08-31
Legislador,Lorena,Cuéllar,Cisneros,2012-08-29,2015-08-31
Legislador,Gabriela,Cuevas,Barrón,2012-08-29,2015-08-31
Legislador,Adriana,Dávila,Fernández,2012-08-29,2015-08-31
Legislador,Angélica,de la Peña,Gómez,2012-08-29,2015-08-31
Legislador,Mario Martín,Delgado,Carrillo,2012-08-29,2015-08-31
Legislador,Fidel,Demédicis,Hidalgo,2012-08-29,2015-08-31
Legislador,Rosa Adriana,Díaz,Lizama,2012-08-29,2015-08-31
Legislador,María Cristina,Díaz,Salazar,2012-08-29,2015-08-31
Legislador,María Hilaria,Domínguez,Arvizu,2015-03-03,2015-08-31
Legislador,Alejandro de Jesús,Encinas,Rodríguez,2012-08-29,2015-08-31
Legislador,Pablo,Escudero,Morales,2012-08-29,2015-08-31
Legislador,Omar,Fayad,Meneses,2012-08-29,2015-08-31
Legislador,Braulio Manuel,Fernández,Aguirre,2012-08-29,2015-08-31
Legislador,Luis Humberto,Fernández,Fuentes,2015-06-18,2015-08-31
Legislador,Juan Alejandro,Fernández,Sánchez Navarro,2015-02-03,2015-08-31
Legislador,Hilda Esthela,Flores,Escalera,2012-08-29,2015-08-31
Legislador,Juan Gerardo,Flores,Ramírez,2012-08-29,2015-08-31
Legislador,Margarita,Flores,Sánchez,2012-08-29,2015-08-31
Legislador,Emilio Antonio,Gamboa,Patrón,2012-08-29,2015-08-31
Legislador,Ernesto,Gándara,Camou,2012-08-29,2015-08-31
Legislador,Francisco Javier,García,Cabeza de Vaca,2012-08-29,2015-08-31
Legislador,Martha Elena,García,Gómez,2012-08-29,2015-08-31
Legislador,Silvia Guadalupe,Garza,Galván,2012-08-29,2015-08-31
Legislador,Diva Hadamira,Gastélum,Bajo,2012-08-29,2015-08-31
Legislador,Roberto,Gil,Zuarth,2012-08-29,2015-08-31
Legislador,Mariana,Gómez del Campo,Gurza,2012-08-29,2015-08-31
Legislador,Félix Arturo,González,Canto,2012-08-29,2015-08-31
Legislador,Isaías,González,Cuevas,2012-08-29,2015-08-31
Legislador,Raúl,Gracia,Guzmán,2012-08-29,2015-08-31
Legislador,Marcela,Guerra,Castillo,2012-08-29,2015-08-31
Legislador,Ana Gabriela,Guevara,Espinoza,2012-08-29,2015-08-31
Legislador,Víctor,Hermosillo,y Celada,2012-08-29,2015-08-31
Legislador,Ismael Alfredo,Hernández,Deras,2012-08-29,2015-08-31
Legislador,Lisbeth,Hernández,Lecona,2012-08-29,2015-08-31
Legislador,Juana Leticia,Herrera,Ale,2012-08-29,2015-08-31
Legislador,Ana Lilia,Herrera,Anzaldo,2012-08-29,2015-08-31
Legislador,Fernando,Herrera,Ávila,2012-08-29,2015-08-31
Legislador,Aarón,Irízar,López,2012-08-29,2015-08-31
Legislador,René,Juárez,Cisneros,2012-08-29,2015-08-31
Legislador,Héctor,Larios,Córdova,2012-08-29,2015-08-31
Legislador,Jorge Luis,Lavalle,Maury,2012-08-29,2015-08-31
Legislador,Francisco Salvador,López,Brito,2012-08-29,2015-08-31
Legislador,Adán Augusto,López,Hernández,2012-08-29,2015-08-31
Legislador,Javier,Lozano,Alarcón,2012-08-29,2015-08-31
Legislador,Patricio,Martínez,García,2012-08-29,2015-08-31
Legislador,José María,Martínez,Martínez,2012-08-29,2015-08-31
Legislador,Fernando Enrique,Mayans,Canabal,2012-08-29,2015-08-31
Legislador,Humberto Domingo,Mayans,Canabal,2012-08-29,2015-08-31
Legislador,Luis Armando,Melgar,Bravo,2012-08-29,2015-08-31
Legislador,Iris Vianey,Mendoza,Mendoza,2012-08-29,2015-08-31
Legislador,Lilia Guadalupe,Merodio,Reza,2012-08-29,2015-08-31
Legislador,David,Monreal,Ávila,2012-08-29,2015-08-31
Legislador,Vianey,Montes,Colunga,2015-02-03,2015-08-31
Legislador,Raúl,Morón,Orozco,2012-08-29,2015-08-31
Legislador,Armando,Neyra,Chávez,2012-08-29,2015-08-31
Legislador,Martín,Orozco,Sandoval,2012-08-29,2015-08-31
Legislador,María del Pilar,Ortega,Martínez,2012-10-09,2015-08-31
Legislador,Maki Esther,Ortiz,Domínguez,2012-08-29,2015-08-31
Legislador,Graciela,Ortiz,González,2012-08-29,2015-08-31
Legislador,María de los Dolores,Padierna,Luna,2012-08-29,2015-08-31
Legislador,Martha,Palafox,Gutiérrez,2012-08-29,2015-08-31
Legislador,Isidro,Pedraza,Chávez,2012-08-29,2015-08-31
Legislador,César Octavio,Pedroza,Gaitán,2012-08-29,2015-08-31
Legislador,David,Penchyna,Grub,2012-08-29,2015-08-31
Legislador,Eviel,Pérez,Magaña,2012-08-29,2015-08-31
Legislador,María del Rocío,Pineda,Gochi,2012-08-29,2015-08-31
Legislador,Raúl Aarón,Pozos,Lanz,2012-08-29,2015-08-31
Legislador,Jorge Luis,Preciado,Rodríguez,2012-08-29,2015-08-31
Legislador,Carlos Alberto,Puente,Salas,2012-08-29,2015-08-31
Legislador,Socorro Sofío,Ramírez,Hernández,2012-08-29,2015-08-31
Legislador,Itzel Sarahí,Ríos ,de la Mora,2012-08-29,2015-08-31
Legislador,Armando,Ríos,Piter,2012-08-29,2015-08-31
Legislador,Zoé Alejandro,Robledo,Aburto,2012-08-29,2015-08-31
Legislador,Ángel Benjamín,Robles,Montoya,2012-08-29,2015-08-31
Legislador,Sonia,Rocha,Acosta,2015-03-03,2015-08-31
Legislador,Laura Angélica,Rojas,Hernández,2012-08-29,2015-08-31
Legislador,Mely,Romero,Celis,2012-08-29,2015-08-31
Legislador,Carlos Antonio,Romero,Deschamps,2012-08-29,2015-08-31
Legislador,Juan Carlos,Romero,Hicks,2012-08-29,2015-08-31
Legislador,Adolfo,Romero,Lainas,2012-08-29,2015-08-31
Legislador,Miguel,Romo,Medina,2012-08-29,2015-08-31
Legislador,Óscar Román,Rosas,González,2012-08-29,2015-08-31
Legislador,Ernesto,Ruffo,Appel,2012-08-29,2015-08-31
Legislador,Luis Fernando,Salazar,Fernández,2012-08-29,2015-08-31
Legislador,Rabindranath,Salazar,Solorio,2012-08-29,2015-08-31
Legislador,María Lucero,Saldaña,Pérez,2012-08-29,2015-08-31
Legislador,Ninfa Clara,Salinas,Sada,2012-08-29,2015-08-31
Legislador,Gerardo,Sánchez,García,2012-08-29,2015-08-31
Legislador,Venancio Luis,Sánchez,Jiménez,2012-08-29,2015-08-31
Legislador,Layda Elena,Sansores,San Román,2012-08-29,2015-08-31
Legislador,Martha Angélica,Tagle,Martínez,2015-08-04,2015-08-31
Legislador,Alejandro,Tello,Cristerna,2012-08-29,2015-08-31
Legislador,Teófilo,Torres,Corzo,2012-08-29,2015-08-31
Legislador,Fernando,Torres,Graciano,2012-08-29,2015-08-31
Legislador,María Marcela,Torres,Peimbert,2012-08-29,2015-08-31
Legislador,Agustín,Trujillo,Íñiguez,2015-02-03,2015-08-31
Legislador,Ricardo,Urzúa,Rivera,2014-09-04,2015-08-31
Legislador,Salvador,Vega,Casillas,2012-08-29,2015-08-31
Legislador,Héctor,Yunes,Landa,2012-08-29,2015-08-31
Legislador,Fernando,Yunes,Márquez,2012-08-29,2015-08-31
Legislador,José Francisco,Yunes,Zorrilla,2012-08-29,2015-08-31
Legislador,Arturo,Zamora,Jiménez,2012-08-29,2015-08-31
Legislador,Carlos Humberto,Aceves,del Olmo,2009-08-31,2012-08-31
Legislador,Marco Humberto,Aguilar,Coronado,2009-08-31,2012-08-31
Legislador,Julio César,Aguirre,Méndez,2009-08-31,2012-08-31
Legislador,Francisco de Paula,Agundis,Arias,2009-08-31,2012-08-31
Legislador,Ángel Juan,Alonso,Díaz Caneja,2009-08-31,2012-08-31
Legislador,Antelmo,Alvarado,García,2010-09-14,2012-08-31
Legislador,Sergio,Álvarez,Mata,2009-08-31,2012-08-31
Legislador,Alberto,Anaya,Gutiérrez,2009-08-31,2012-08-31
Legislador,José Guillermo,Anaya,Llamas,2009-08-31,2012-08-31
Legislador,Humberto,Andrade,Quezada,2009-08-31,2012-08-31
Legislador,René,Arce,Islas,2009-08-31,2012-08-31
Legislador,Francisco Agustín,Arroyo,Vieyra,2009-08-31,2012-08-31
Legislador,Silvano,Aureoles,Conejo,2009-08-31,2012-08-31
Legislador,Fernando,Baeza,Meléndez,2009-08-31,2012-08-31
Legislador,Héctor Miguel,Bautista,López,2009-08-31,2012-08-31
Legislador,Manlio Fabio,Beltrones,Rivera,2009-08-31,2012-08-31
Legislador,Francisco Xavier,Berganza,Escorza,2009-08-31,2012-08-31
Legislador,Juan,Bueno,Torio,2009-08-31,2012-08-31
Legislador,Sebastián,Calderón,Centeno,2009-08-31,2012-08-31
Legislador,Rubén,Camarillo,Ortega,2009-08-31,2012-08-31
Legislador,Eloy,Cantú,Segovia,2009-08-31,2012-08-31
Legislador,Guadalupe Francisco Javier,Castellón,Fonseca,2009-08-31,2012-08-31
Legislador,Javier,Castelo,Parada,2009-08-31,2012-08-31
Legislador,Fernando Jorge,Castro,Trenti,2009-08-31,2012-08-31
Legislador,Armando,Contreras,Castillo,2010-12-02,2012-08-31
Legislador,Eva,Contreras,Sandoval,2012-04-01,2012-08-31
Legislador,Luis Alberto,Coppola,Joffroy,2009-08-31,2012-08-31
Legislador,Claudia Sofía,Corichi,García,2009-08-31,2012-08-31
Legislador,Marko Antonio,Cortés,Mendoza,2009-08-31,2012-08-31
Legislador,Josefina,Cota,Cota,2009-08-31,2012-08-31
Legislador,Santiago,Creel,Miranda,2012-03-02,2012-08-31
Legislador,Dante Alfonso,Delgado,Rannauro,2009-08-31,2012-08-31
Legislador,Blanca Judith,Díaz,Delgado,2012-07-02,2012-08-31
Legislador,Jaime Rafael,Díaz,Ochoa,2009-08-31,2012-08-31
Legislador,Jesús,Dueñas,Llerenas,2009-08-31,2012-08-31
Legislador,Federico,Döring,Casar,2009-08-31,2012-08-31
Legislador,Alfonso,Elías,Serrano,2009-10-06,2012-08-31
Legislador,Fernando,Elizondo,Barragán,2009-08-31,2012-08-31
Legislador,Arturo,Escobar,y Vega,2009-08-31,2012-08-31
Legislador,Norma,Esparza,Herrera,2010-02-01,2012-08-31
Legislador,Carmen Guadalupe,Fonz,Sáenz,2009-08-31,2012-08-31
Legislador,Ramón,Galindo,Noriega,2009-08-31,2012-08-31
Legislador,Andrés,Galván,Rivas,2009-08-31,2012-08-31
Legislador,Ricardo Francisco,García,Cervantes,2009-08-31,2012-08-31
Legislador,Francisco Alcibíades,García,Lizardi,2010-02-01,2012-08-31
Legislador,María del Socorro,García,Quiroz,2009-08-31,2012-08-31
Legislador,José Luis Máximo,García,Zalvidea,2009-08-31,2012-08-31
Legislador,Leonel,Godoy,Rangel,2012-02-15,2012-08-31
Legislador,Pablo,Gómez,Álvarez,2009-08-31,2012-08-31
Legislador,Ericel,Gómez,Nucamendi,2010-02-01,2012-08-31
Legislador,Amira Gricelda,Gómez,Tueme,2009-08-31,2012-08-31
Legislador,Lázara Nelly,González,Aguilar,2009-08-31,2012-08-31
Legislador,Alejandro,González,Alcocer,2009-08-31,2012-08-31
Legislador,Adriana,González,Carrillo,2009-08-31,2012-08-31
Legislador,Felipe,González,González,2009-08-31,2012-08-31
Legislador,José,González,Morfín,2009-08-31,2012-08-31
Legislador,Alejandro,González,Yáñez,2009-08-31,2012-08-31
Legislador,Eugenio Guadalupe,Govea,Arcos,2009-08-31,2012-08-31
Legislador,María del Rosario Gloria,Green,Macías,2009-08-31,2012-08-31
Legislador,José,Guadarrama,Márquez,2009-08-31,2012-08-31
Legislador,Dolores del Carmen,Gutiérrez,Zurita,2012-02-01,2012-08-31
Legislador,Valentín,Guzmán,Soto,2009-08-31,2012-08-31
Legislador,Julián,Güitrón,Fuentevilla,2012-04-11,2012-08-31
Legislador,Minerva,Hernández,Ramos,2009-08-31,2012-08-31
Legislador,Francisco,Herrera,León,2009-08-31,2012-08-31
Legislador,Arturo,Herviz,Reyes,2009-08-31,2012-08-31
Legislador,María del Rosario Leticia,Jasso,Valencia,2010-02-01,2012-08-31
Legislador,Carlos Martín,Jiménez,Macías,2009-08-31,2012-08-31
Legislador,Martha Patricia,Jiménez,Oropeza,2012-03-13,2012-08-31
Legislador,Pedro,Joaquín,Coldwell,2009-08-31,2012-08-31
Legislador,Francisco,Labastida,Ochoa,2009-08-31,2012-08-31
Legislador,Emma Lucía,Larios,Gaxiola,2009-08-31,2012-08-31
Legislador,Augusto César,Leal,Angulo,2009-08-31,2012-08-31
Legislador,Jorge,Legorreta,Ordorica,2009-08-31,2012-08-31
Legislador,Gustavo Enrique,Madero,Muñoz,2009-08-31,2012-08-31
Legislador,Raúl José,Mejía,González,2009-08-31,2012-08-31
Legislador,Antonio,Mejía,Haro,2009-08-31,2012-08-31
Legislador,Nohemí Ludivina,Menchaca,Castellanos,2009-08-31,2012-08-31
Legislador,Jorge,Mendoza,Garza,2009-08-31,2012-08-31
Legislador,María Guadalupe,Mondragón,González,2009-08-31,2012-08-31
Legislador,Ricardo,Monreal,Ávila,2009-08-31,2012-08-31
Legislador,Gerardo,Montenegro,Ibarra,2009-08-31,2012-08-31
Legislador,Melquiades,Morales,Flores,2009-08-31,2012-08-31
Legislador,Rafael Alejandro,Moreno,Cárdenas,2009-08-31,2012-08-31
Legislador,María de los Ángeles,Moreno,Uriegas,2009-08-31,2012-08-31
Legislador,Ramón,Muñoz,Gutiérrez,2009-08-31,2012-08-31
Legislador,Jesús,Murillo,Karam,2009-08-31,2012-08-31
Legislador,Eduardo Tomás,Nava,Bolaños,2009-08-31,2012-08-31
Legislador,Carlos,Navarrete,Ruiz,2009-08-31,2012-08-31
Legislador,Francisco Javier,Obregón,Espinoza,2009-08-31,2012-08-31
Legislador,Jorge Andrés,Ocejo,Moreno,2009-08-31,2012-08-31
Legislador,Rafael,Ochoa,Guzmán,2010-09-07,2012-08-31
Legislador,María Elena,Orantes,López,2009-08-31,2012-08-31
Legislador,Javier,Orozco,Gómez,2009-08-31,2012-08-31
Legislador,María Teresa,Ortuño,Gurza,2009-08-31,2012-08-31
Legislador,Ricardo Fidel,Pacheco,Rodríguez,2009-08-31,2012-08-31
Legislador,Rosalía,Peredo,Aguilar,2009-08-31,2012-08-31
Legislador,Héctor,Pérez,Plazola,2009-08-31,2012-08-31
Legislador,Yeidckol,Polevnsky,Gurwitz,2009-08-31,2012-08-31
Legislador,Juan,Quiñonez,Ruiz,2010-02-23,2012-08-31
Legislador,Heladio Elías,Ramírez,López,2009-08-31,2012-08-31
Legislador,Jesús María,Ramón,Valdés,2009-08-31,2012-08-31
Legislador,Adrián,Rivera,Pérez,2009-08-31,2012-08-31
Legislador,Alfredo,Rodrígue,y Pacheco,2009-08-31,2012-08-31
Legislador,María de Lourdes,Rojo,e Incháustegui,2009-08-31,2012-08-31
Legislador,Rogelio Humberto,Rueda,Sánchez,2009-08-31,2012-08-31
Legislador,Gabriela,Ruiz,del Rincón,2009-08-31,2012-08-31
Legislador,José Julián,Sacramento,Garza,2009-08-31,2012-08-31
Legislador,Alfonso Abraham,Sánchez,Anaya,2009-08-31,2012-08-31
Legislador,Ernesto,Saro,Boardman,2009-08-31,2012-08-31
Legislador,María,Serrano,Serrano,2009-08-31,2012-08-31
Legislador,Martha Leticia,Sosa,Govea,2009-08-31,2012-08-31
Legislador,Carlos,Sotelo,García,2009-08-31,2012-08-31
Legislador,Guillermo Enrique Marcos,Tamborrel,Suárez,2009-08-31,2012-08-31
Legislador,Adolfo Jesús,Toledo,Infanzón,2009-08-31,2012-08-31
Legislador,Tomás,Torres,Mercado,2009-08-31,2012-08-31
Legislador,Ricardo,Torres,Origel,2009-08-31,2012-08-31
Legislador,José Isabel,Trejo,Reyes,2009-08-31,2012-08-31
Legislador,Rubén Fernando,Velázquez,López,2009-08-31,2012-08-31
Legislador,Margarita,Villaescusa,Rojo,2010-03-23,2012-08-31
Legislador,Luis Alberto,Villarreal,García,2009-08-31,2012-08-31
Legislador,María del Rosario,Ybarra,de la Garza,2009-08-31,2012-08-31
Legislador,Rafael,Yerena,Zambrano,2012-04-19,2012-08-31
Legislador,José Alejandro,Zapata,Perogordo,2009-08-31,2012-08-31
Legislador,María Beatriz,Zavala,Peniche,2009-08-31,2012-08-31
Legislador,Renán Cleominio,Zoreda,Novelo,2009-08-31,2012-08-31